alpha,conflict,beta,error,addrhousenumber,building,buildinglevels,government,name,namede,nameen,office,short_name,source,addrstreet,addrcity,alt_name,buildingcolour,note,amenity,namezh,wikidata,internet_access,internet_accessfee,nameko,operator,rooms,smoking,tourism,website,phone,shop,description,start_date,healthcare,opening_hours,dispensing,club,emergency,addrpostcode,namees,fee,access,parking,surface,supervised,cuisine,email,bus,highway,public_transport,route_ref,brand,brandwikidata,brandwikipedia,created_by,ele,paymentcash,wheelchair,image,stars,phone_2,phone_3,direction,traffic_signals,traffic_signalsdirection,junction,maxspeed,lanes,oneway,lit,sidewalk,surfacenote,foot,service,tunnel,crossing,crossingisland,mapillary,surveydate,button_operated,traffic_signalssound,traffic_signalsvibration,motor_vehicle,layer
building,,office,yes,2,office,9.0,ministry,Ministerio de la InformÃ¡tica y las Comunicaciones,Ministerium fÃ¼r Informatik und Kommunikation,Ministry of Informatics and Communications,government,MIC,http://www.ecured.cu/index.php/Ministerio_de_la_Inform%C3%A1tica_y_las_Comunicaciones,,,,,,,,,,,,,,,,,,,,,,,,,,,,,,,,,,,,,,,,,,,,,,,,,,,,,,,,,,,,,,,,,,,,,,,
building,amenity building,hospital,yes,,hospital,,,Hospital PedriÃ¡tico Centro Habana,,,,,,,,,,,,,,,,,,,,,,,,,,,,,,,,,,,,,,,,,,,,,,,,,,,,,,,,,,,,,,,,,,,,,,,,,,,,
building,amenity building,hospital,yes,,hospital,1.0,,Cuerpo de Guardia - Hospital La Dependiente,,,,,,Calzada de Buenos Aires,,,,,,,,,,,,,,,,,,,,,,,,,,,,,,,,,,,,,,,,,,,,,,,,,,,,,,,,,,,,,,,,,,,,,,
building,building,public,yes,,public,5.0,ministry,Ministerio de EconomÃ­a y PlanificaciÃ³n,,,government,MEP,,Paseo,La Habana,MEP,,,,,,,,,,,,,,,,,,,,,,,,,,,,,,,,,,,,,,,,,,,,,,,,,,,,,,,,,,,,,,,,,,,,
building,building,public,yes,,public,,ministry,Ministerio de EconomÃ­a y PlanificaciÃ³n,,,government,MEP,,Paseo,La Habana,MEP,,,,,,,,,,,,,,,,,,,,,,,,,,,,,,,,,,,,,,,,,,,,,,,,,,,,,,,,,,,,,,,,,,,,
building,,stadium,yes,,stadium,,,,,,,,,,,,blue,Gradas al aire libre,,,,,,,,,,,,,,,,,,,,,,,,,,,,,,,,,,,,,,,,,,,,,,,,,,,,,,,,,,,,,,,,,,
building,landuse,industrial,yes,,industrial,4.0,,FÃ¡brica de Tabacos La Corona,,,,,,20 de Mayo,,,,,,,,,,,,,,,,,,,,,,,,,,,,,,,,,,,,,,,,,,,,,,,,,,,,,,,,,,,,,,,,,,,,,,
building,,construction,no,,construction,,,,,,,,,,,,,,,,,,,,,,,,,,,,,,,,,,,,,,,,,,,,,,,,,,,,,,,,,,,,,,,,,,,,,,,,,,,,,,,
building,shop,kiosk,yes,,kiosk,,,,,,,,,,,,,,,,,,,,,,,,,,,,,,,,,,,,,,,,,,,,,,,,,,,,,,,,,,,,,,,,,,,,,,,,,,,,,,,
building,amenity building,kindergarten,yes,,kindergarten,1.0,,CÃ­rculo Infantil,,,,,,Calzada de Buenos Aires,,,,,kindergarten,,,,,,,,,,,,,,,,,,,,,,,,,,,,,,,,,,,,,,,,,,,,,,,,,,,,,,,,,,,,,,,,,
building,amenity building,kindergarten,yes,,kindergarten,,,,,,,,,,,,,,,,,,,,,,,,,,,,,,,,,,,,,,,,,,,,,,,,,,,,,,,,,,,,,,,,,,,,,,,,,,,,,,,
building,highway landuse building,residential,no,,residential,3.0,,,,,,,,Calzada del Cerro,,,,,,,,,,,,,,,,,,,,,,,,,,,,,,,,,,,,,,,,,,,,,,,,,,,,,,,,,,,,,,,,,,,,,,
building,highway landuse building,residential,no,,residential,,,,,,,,,,,,,,,,,,,,,,,,,,,,,,,,,,,,,,,,,,,,,,,,,,,,,,,,,,,,,,,,,,,,,,,,,,,,,,,
building,highway landuse building,residential,no,,residential,,,,,,,,,Calzada de Buenos Aires,,,,,,,,,,,,,,,,,,,,,,,,,,,,,,,,,,,,,,,,,,,,,,,,,,,,,,,,,,,,,,,,,,,,,,
building,highway landuse building,residential,no,,residential,,,,,,,,,,,,,,,,,,,,,,,,,,,,,,,,,,,,,,,,,,,,,,,,,,,,,,,,,,,,,,,,,,,,,,,,,,,,,,,
building,highway landuse building,residential,no,,residential,,,,,,,,,,,,,,,,,,,,,,,,,,,,,,,,,,,,,,,,,,,,,,,,,,,,,,,,,,,,,,,,,,,,,,,,,,,,,,,
building,highway landuse building,residential,no,,residential,,,,,,,,,,,,,,,,,,,,,,,,,,,,,,,,,,,,,,,,,,,,,,,,,,,,,,,,,,,,,,,,,,,,,,,,,,,,,,,
building,amenity building,school,yes,,school,3.0,,"Escuela Primaria ""EjÃ©rcito Rebelde""",,,,,,,,,,,,,,,,,,,,,,,,,,,,,,,,,,,,,,,,,,,,,,,,,,,,,,,,,,,,,,,,,,,,,,,,,,,,
building,amenity building,school,yes,,school,,,,,,,,,,,,,,,,,,,,,,,,,,,,,,,,,,,,,,,,,,,,,,,,,,,,,,,,,,,,,,,,,,,,,,,,,,,,,,,
building,amenity building,school,yes,,school,,,,,,,,,,,,,,,,,,,,,,,,,,,,,,,,,,,,,,,,,,,,,,,,,,,,,,,,,,,,,,,,,,,,,,,,,,,,,,,
building,amenity building,school,yes,,school,,,Escuela Primaria Camilo Cienfuegos,,,,,,San Ignacio,,,,,school,,,,,,,,,,,,,,,,,,,,,,,,,,,,,,,,,,,,,,,,,,,,,,,,,,,,,,,,,,,,,,,,,
building,amenity building,school,yes,,school,,,,,,,,,,,,,,,,,,,,,,,,,,,,,,,,,,,,,,,,,,,,,,,,,,,,,,,,,,,,,,,,,,,,,,,,,,,,,,,
building,information,office,yes,,office,7.0,,Lonja del Comercio,,,,,,,,,,,,å¸å ´å¤§æ¨,Q3889431,,,,,,,,,,,,,,,,,,,,,,,,,,,,,,,,,,,,,,,,,,,,,,,,,,,,,,,,,,,,,,,
building,tourism building,hotel,yes,153,hotel,5.0,,Hotel Ambos Mundos,,,,,,Obispo,,,pink,,,,Q4884594,yes,yes,ìë³´ì¤ ë¬¸ëì¤ í¸í,Grupo de Turismo Gaviota,52.0,no,hotel,https://www.gaviotahotels.com/,,,,,,,,,,,,,,,,,,,,,,,,,,,,,,,,,,,,,,,,,,,,,,,,,,,,,,,
building,tourism building,hotel,yes,,hotel,,,,,,,,,,,,,,,,,,,,,,,,,,,,,,,,,,,,,,,,,,,,,,,,,,,,,,,,,,,,,,,,,,,,,,,,,,,,,,,
building,tourism building,hotel,yes,,hotel,5.0,,Hotel Saratoga,,,,,,Paseo de MartÃ­ (Paseo del Prado),La Habana,,green,,,,,wlan,,,,,,hotel,,5378611000.0,,,,,,,,,,,,,,,,,,,,,,,,,,,,,,,,,,,,,,,,,,,,,,,,,,,,,,
building,building landuse,retail,yes,,retail,,,VÃ­a Uno,,,,,,,,,,,,,,,,,,,,,,,shoes,,,,,,,,,,,,,,,,,,,,,,,,,,,,,,,,,,,,,,,,,,,,,,,,,,,,,
building,building landuse,retail,yes,,retail,,,,,,,,,,,,,,,,,,,,,,,,,,,,,,,,,,,,,,,,,,,,,,,,,,,,,,,,,,,,,,,,,,,,,,,,,,,,,,,
building,highway landuse,residential,no,,residential,,,,,,,,,,,,,,,,,,,,,,,,,,,,,,,,,,,,,,,,,,,,,,,,,,,,,,,,,,,,,,,,,,,,,,,,,,,,,,,
building,office,commercial,yes,255A,commercial,0.0,,DiES Gallery,,,,,Gallery Owner,Lamparilla,Habana Vieja,,,www.diesgallery.com; +53 54632195; open daily from 10:00-22:00 or by appointment; info@diesgallery.com,,,,,,,,,,,,,,A unique art gallery co-founded by Cuban artist Reydel Espinosa and Taiwanese artist Yi-Ling Lin (Ten); co-working space for artist available,12/05/2019,,,,,,,,,,,,,,,,,,,,,,,,,,,,,,,,,,,,,,,,,,,,,,,,,,,
amenity,amenity healthcare,pharmacy,yes,,,,,Farmacia 20 de Mayo,,,,,,20 de Mayo,El Cerro,,,,pharmacy,,,,,,,,,,,,,,,pharmacy,,,,,,,,,,,,,,,,,,,,,,,,,,,,,,,,,,,,,,,,,,,,,,,,,,
amenity,amenity healthcare,pharmacy,yes,,,,,Hospital La Dependiente,,,,,,Calzada del 10 de Octubre,"El Cerro, La Habana",,,,pharmacy,,,,,,,,,,,,,,,,24-jul,,,,,,,,,,,,,,,,,,,,,,,,,,,,,,,,,,,,,,,,,,,,,,,,,
amenity,amenity healthcare,pharmacy,yes,,,,,Calzada del Cerro y Dominguez,,,,,,Calzada del Cerro,,,,,pharmacy,,,,,,,,,,,,,,,,,,,,,,,,,,,,,,,,,,,,,,,,,,,,,,,,,,,,,,,,,,,,,,,,,
amenity,amenity healthcare,pharmacy,yes,,,,,Auditor y Calzada del Cerro,,,,,,Auditor,,,,,pharmacy,,,,,,,,,,,,,,,,,,,,,,,,,,,,,,,,,,,,,,,,,,,,,,,,,,,,,,,,,,,,,,,,,
amenity,amenity healthcare,pharmacy,yes,,,,,Cristina y Pila,,,,,,Cristina,,,,,pharmacy,,,,,,,,,,,,,,,,,,,,,,,,,,,,,,,,,,,,,,,,,,,,,,,,,,,,,,,,,,,,,,,,,
amenity,amenity healthcare,pharmacy,yes,,,,,Farmacia AyestarÃ¡n y General SuÃ¡rez,,,,,,AyestarÃ¡n,La Habana,,,,pharmacy,,,,,,,,,,,,,,,pharmacy,8:00-20:00,no,,,,,,,,,,,,,,,,,,,,,,,,,,,,,,,,,,,,,,,,,,,,,,,,
amenity,amenity healthcare,pharmacy,yes,,,,,,,,,,,,,,,,pharmacy,,,,,,,,,,,,,,,,,,,,,,,,,,,,,,,,,,,,,,,,,,,,,,,,,,,,,,,,,,,,,,,,,
amenity,amenity healthcare,pharmacy,yes,,,,,Universidad e Infanta,,Drugstore,,,,Universidad,,,,,pharmacy,,,,,,,,,,,,,,,,,,,,,,,,,,,,,,,,,,,,,,,,,,,,,,,,,,,,,,,,,,,,,,,,,
amenity,amenity,cinema,yes,470.0,,,,Cine City Hall,,,,,,AyestarÃ¡n,,,,,cinema,,,,,,,,,,,+53 7 8705331,,,,,,,,,,,,,,,,,,,,,,,,,,,,,,,,,,,,,,,,,,,,,,,,,,,,,,
amenity,amenity,cinema,yes,,yes,,,Sala de Cine 3D,,,,,,Patria entre Calzada de Cerro y Santovenia,,,,,cinema,,,,,,,,,,,,,,,,,,cinema,,,,,,,,,,,,,,,,,,,,,,,,,,,,,,,,,,,,,,,,,,,,,,,
amenity,amenity,cinema,yes,,yes,,,,,,,,,,,,,,cinema,,,,,,,,,,,,,,,,,,,,,,,,,,,,,,,,,,,,,,,,,,,,,,,,,,,,,,,,,,,,,,,,,
amenity,amenity building,school,no,,,,,Escuela Primaria Elpidio Sosa,,,,,,,,,,,school,,,,,,,,,,,,,,,,,,,,,,,,,,,,,,,,,,,,,,,,,,,,,,,,,,,,,,,,,,,,,,,,,
amenity,amenity building,school,no,,,,,Secundaria,,,,,,DomÃ­nguez,,,,,school,,,,,,,,,,,,,,,,,,,,,,,,,,,,,,,,,,,,,,,,,,,,,,,,,,,,,,,,,,,,,,,,,
amenity,amenity building,school,no,,,,,Secundaria Camilo Cienfuegos,,,,,,,,,,,school,,,,,,,,,,,,,,,,,,,,,,,,,,,,,,,,,,,,,,,,,,,,,,,,,,,,,,,,,,,,,,,,,
amenity,amenity building,school,no,,,,,EjÃ©rcito Rebelde,,,,,,,,,,,school,,,,,,,,,,,,,,,,,,,,,,,,,,,,,,,,,,,,,,,,,,,,,,,,,,,,,,,,,,,,,,,,,
amenity,amenity building,school,no,,,,,Raul Silvio Vega,,,,,,Dominguez,,,,,school,,,,,,,,,,,,,,,,,,,,,,,,,,,,,,,,,,,,,,,,,,,,,,,,,,,,,,,,,,,,,,,,,
amenity,amenity building,school,no,,,,,Escuela Primaria Rolando Valdivia FernÃ¡ndez,,,,,,,,,,,school,,,,,,,,,,,,,,,,Mo-Fr 07:00-16:20,,,,,,,,,,,,,,,,,,,,,,,,,,,,,,,,,,,,,,,,,,,,,,,,,
amenity,amenity building,school,no,,yes,,,Secundaria MÃ¡ximo GÃ³mez,,,,,,Calzada del Cerro,La Habana,,,,school,,,,,,,,,,,,,,,,,,,,,,,,,,,,,,,,,,,,,,,,,,,,,,,,,,,,,,,,,,,,,,,,,
amenity,amenity building,school,no,,,,,,,,,,,,,,,,school,,,,,,,,,,,,,,,,,,,,,,,,,,,,,,,,,,,,,,,,,,,,,,,,,,,,,,,,,,,,,,,,,
amenity,amenity building,school,no,,,,,Escuela Primaria Reinel PÃ¡ez PÃ©rez,,,,,,Calzada del Cerro,La Habana,,,,school,,,,,,MINED,,,,,,,,,,,,,,,,,,,,,,,,,,,,,,,,,,,,,,,,,,,,,,,,,,,,,,,,,,,
amenity,amenity building,school,no,,yes,,,Escuela Secundaria Antonio Maceo,,,,,,Calzada de Buenos Aires,La Habana,,,,school,,,,,,,,,,,,,,,,,,,,,,,,,,,,,,,,,,,,,,,,,,,,,,,,,,,,,,,,,,,,,,,,,
amenity,amenity building,school,no,,,,,Escuela Primaria Lidia Doce,,,,,,,,,,,school,,,,,,,,,,,,,,,,,,,,,,,,,,,,,,,,,,,,,,,,,,,,,,,,,,,,,,,,,,,,,,,,,
amenity,amenity building,school,no,,,,,Escuela Primaria Ideario Martiano,,,,,,,,,,,school,,,,,,,,,,,,,,,,,,,,,,,,,,,,,,,,,,,,,,,,,,,,,,,,,,,,,,,,,,,,,,,,,
amenity,amenity building,school,no,,,,,,,,,,,,,,,,school,,,,,,,,,,,,,,,,,,,,,,,,,,,,,,,,,,,,,,,,,,,,,,,,,,,,,,,,,,,,,,,,,
amenity,amenity building,school,no,,,,,,,,,,,,,,,,school,,,,,,,,,,,,,,,,,,,,,,,,,,,,,,,,,,,,,,,,,,,,,,,,,,,,,,,,,,,,,,,,,
amenity,amenity building,school,no,,,,,,,,,,,,,,,,school,,,,,,,,,,,,,,,,,,,,,,,,,,,,,,,,,,,,,,,,,,,,,,,,,,,,,,,,,,,,,,,,,
amenity,amenity building,school,no,,,,,,,,,,,,,,,,school,,,,,,,,,,,,,,,,,,,,,,,,,,,,,,,,,,,,,,,,,,,,,,,,,,,,,,,,,,,,,,,,,
amenity,amenity building,kindergarten,no,,,,,CÃ­rculo Infantil Abejita Laboriosa,,,,,,,,,,,kindergarten,,,,,,,,,,,,,,,,,,,,,,,,,,,,,,,,,,,,,,,,,,,,,,,,,,,,,,,,,,,,,,,,,
amenity,amenity building,kindergarten,no,,kindergarten,1.0,,CÃ­rculo Infantil,,,,,,Calzada de Buenos Aires,,,,,kindergarten,,,,,,,,,,,,,,,,,,,,,,,,,,,,,,,,,,,,,,,,,,,,,,,,,,,,,,,,,,,,,,,,,
amenity,amenity building,hospital,no,,,,,PoliclÃ­nico Zulueta,,,,,,Figuras,,,,,hospital,,,,,,,,,,,,,,,,24-jul,,,,,,,,,,,,,,,,,,,,,,,,,,,,,,,,,,,,,,,,,,,,,,,,,
amenity,amenity building,hospital,no,,,,,Salvador Allende (Covadonga),,,,,Yahoo,Calzada del Cerro,,,,,hospital,,,,,,,,,,,5378776354,,,,,24-jul,,,,,,,,,,,,,,,,,,,,,,,,,,,,,,,,,,,,,,,,,,,,,,,,,
amenity,amenity building,hospital,no,,,,,Hospital Miguel Enriquez (La BenÃ©fica),,,,,,AtarÃ©s,,,,,hospital,,,,,,,,,,,5376967412,,,,,24-jul,,,yes,,,,,,,,,,,,,,,,,,,,,,,,,,,,,,,,,,,,,,,,,,,,,,
amenity,amenity building,hospital,no,,,,,Hospital ClÃ­nico QuirÃºrgico 10 de Octubre (La Dependiente),,,,,,,,,,,hospital,,,,,,,,,,,+53 7-8776255;+53 7-8776267,,,,,,,,yes,,,,,,,,,,,,,,,,,,,,,,,,,,,,,,,,,,,,,,,,,,,,,,
amenity,amenity building,hospital,no,,,,,PoliclÃ­nico GirÃ³n,,,,,,Cruz del Padre,El Cerro,,,,hospital,,,,,,,,,,,,,,,,,,,,,,,,,,,,,,,,,,,,,,,,,,,,,,,,,,,,,,,,,,,,,,,,,
amenity,amenity building,hospital,no,,,,,Hospital PediÃ¡trico de Centro Habana,,,,,,,,,,,hospital,,,,,,,,,,,,,,,hospital,,,,,,,,,,,,,,,,,,,,,,,,,,,,,,,,,,,,,,,,,,,,,,,,,,
amenity,amenity building,school,no,,,,,Joven Club de ComputaciÃ³n y ElectrÃ³nica,,,,,,,,,,,school,,,,,,,,,,,,,,,,,,,,,,,,,,,,,,,,,,,,,,,,,,,,,,,,,,,,,,,,,,,,,,,,,
amenity,amenity building,school,no,,,,,Escuela Primaria JosÃ© MartÃ­,,,,,,,,,,,school,,,,,,,,,,,,,,,,,,,,,,,,,,,,,,,,,,,,,,,,,,,,,,,,,,,,,,,,,,,,,,,,,
amenity,amenity building,school,no,,,,,Escuela Primaria JosÃ© MartÃ­,,,,,,,,,,,school,,,,,,,,,,,,,,,,,,,,,,,,,,,,,,,,,,,,,,,,,,,,,,,,,,,,,,,,,,,,,,,,,
amenity,amenity building,school,no,,,,,ÑÐºÐ¾Ð»ÑÐ½Ð°Ñ ÑÐ¾ÑÐ¼Ð°,,,,,,,,,,,school,,,,,,,,,,,,,,,,,,,,,,,,,,,,,,,,,,,,,,,,,,,,,,,,,,,,,,,,,,,,,,,,,
amenity,amenity building,school,no,,school,,,Escuela Primaria Camilo Cienfuegos,,,,,,San Ignacio,,,,,school,,,,,,,,,,,,,,,,,,,,,,,,,,,,,,,,,,,,,,,,,,,,,,,,,,,,,,,,,,,,,,,,,
amenity,amenity building,school,no,,,,,Escuela Primaria,,,,,,Brasil (Teniente Rey),,,,,school,,,,,,,,,,,,,,,,,,,,10100.0,,,,,,,,,,,,,,,,,,,,,,,,,,,,,,,,,,,,,,,,,,,,,
amenity,amenity building,school,no,,,,,Escuela Primaria Ãngela Landa,,,,,,Brasil (Teniente Rey),,,,,school,,,,,,,,,,,,,,,,,,,,,,,,,,,,,,,,,,,,,,,,,,,,,,,,,,,,,,,,,,,,,,,,,
amenity,amenity building,school,no,,,,,Instituto Preuniversitario JosÃ© MartÃ­,,,,,,Agramonte (Zulueta),,,,,school,,,,,,,,,,,,,,,,,,,,,,,,,,,,,,,,,,,,,,,,,,,,,,,,,,,,,,,,,,,,,,,,,
amenity,amenity building,school,no,,,,,Escuela primaria,,,,,,,,,,,school,,,,,,,,,,,,,,,,,,,,,Escuela primaria,,,,,,,,,,,,,,,,,,,,,,,,,,,,,,,,,,,,,,,,,,,,
amenity,amenity building,school,no,,,,,Cursos de varios tipos,,,,,,,,,,,school,,,,,,,,,,,,,,,,,,,,,Cursos de varios tipos,,,,,,,,,,,,,,,,,,,,,,,,,,,,,,,,,,,,,,,,,,,,
amenity,amenity building,school,no,,,,,Escuela Primaria Camilo Cienfuegos,,Primary School Camilo Cienfuegos,,,,,,,,,school,,,,,,,,,,,,,,,,,,,,,,,,,,,,,,,,,,,,,,,,,,,,,,,,,,,,,,,,,,,,,,,,,
amenity,amenity building,school,no,,,,,Escuela Taller Gabriel Aresti,,,,,,Brasil (Teniente Rey),,,,,school,,,,,,,,,,,,,,,,,,,,,,,,,,,,,,,,,,,,,,,,,,,,,,,,,,,,,,,,,,,,,,,,,
amenity,amenity building,school,no,21.0,,,,Sociedad Dante Alighieri,,Dante Alighieri Society,,,,Justiz,,,,,school,,,,,,,,,,,,,,,,Mo-Fr 09:00-20:00,,,,,,,,,,,,,,,,,,,,,,,,,,,,,,,,,,,,,,,,,,,,,,,,,
amenity,amenity,ice_cream,yes,206.0,,,,Mango,,Mango,,,,Brasil (Teniente Rey),,,,,ice_cream,,,,,,,,,,,,,,,,,,,,,Mango,,,,,,,,,,,,,,,,,,,,,,,,,,,,,,,,,,,,,,,,,,,,
amenity,amenity,ice_cream,yes,,,,,Coco glacÃ©,,Coconut Icecream,,,,,,,,,ice_cream,,,,,ì½ì½ë ìì´ì¤í¬ë¦¼ ì¤í ë,,,,,,,,,,,,,,,,,,,,,,,,,,,,,,,,,,,,,,,,,,,,,,,,,,,,,,,,,,,,
amenity,amenity,ice_cream,yes,,,,,La delizia,,,,,,,,,,,ice_cream,,,,,,,,,,,,,,,,,,,,,,,,,,,,,,,,,,,,,,,,,,,,,,,,,,,,,,,,,,,,,,,,,
tourism,tourism guest_house,apartment,no,154,,,,Appt building 154,,,,,,,,,,,,,,,,,,,,apartment,,,,,,,,,,,,,,,,,,,,,,,,,,,Potlatch alpha,,,,,,,,,,,,,,,,,,,,,,,,,,,,,
tourism,tourism guest_house,apartment,no,,,,,Casa Guillermo,,,,,,,,,,,,,,wlan,,,,,,apartment,,5354312515,,,,,,,,,,,,,,,,,,,,,,,,,,,,,,,,,,,,,,,,,,,,,,,,,,,,,,
tourism,tourism guest_house,apartment,no,314,,,,Yuli&Erick,,,,,,Muralla,,,,,,,,,,,,,,apartment,,5378676126,,,,,,,,,,,,,,,,,,,,,,,,,,,,,,,,,,,,,,,,,,,,,,,,,,,,,,
tourism,tourism guest_house,apartment,no,512,,,,Casa Yissel y Orlando,,,,,,Aguacate,La Haban Vieja. La Habana,,,,,,,no,,,Yissel,1.0,separated,apartment,,,,,,,,,,,10100.0,,,,,,,,,,,,,,,,,,,,,,,,,,,,,,,,,,,,,,,,,,,,,
tourism,tourism guest_house,apartment,no,160,,,,Hostal Casa Zoe,,,,,,Aguacate,Habana Vieja,,,,,,,no,,,Irina A. RamÃ­rez Fedoseeva,1.0,separated,apartment,http://casazoe.zohosites.com,-52685736,,,,,,,,,10100.0,,,,,,,,hostalcasazoe@gmail.com,,,,,,,,,20.0,yes,no,,,,,,,,,,,,,,,,,,,,,,,,,,
tourism,tourism guest_house,apartment,no,527,,,,Casa Melli,,,,,,Aguiar,,,,,,,,,,,,,,apartment,,,,,,,,,,,,,,,,,,,,,,,,,,,,,,,,,,,,,,,,,,,,,,,,,,,,,,,,
tourism,tourism guest_house,apartment,no,258,,,,CH rent D'Oficio 258,,,,,,Oficios,Habana Vieja,,,,,,,wlan,yes,,Carlos GonzÃ¡lez CordovÃ­,2.0,,apartment,http://hostaldoficioshabanavieja.maxicuba.com,5352727108,,"Hostal D'Oficios , de Habana Vieja, Cuba; es una casa de familia con 2 habitaciones, con una capacidad mÃ¡xima para 6 personas. AquÃ­ puede disfrutar de WIFI, minibar, entre otros servicios.",,,24-jul,,,,10100.0,,,,,,,,yamytaca2003@hotmail.com,,,,,,,,,,,,http://www.octorate.com/resource/uploads/929798/1595408779052.jpg,,,,,,,,,,,,,,,,,,,,,,,,,
tourism,tourism guest_house,apartment,no,418,,,,Casa Martin Havana,,,,,,Lamparilla,La Haban Vieja. La Habana,,,,,,,no,,,The Owner,1.0,yes,apartment,,,,,,,,,,,10100.0,,,,,,,,,,,,,,,,,,,,,,,,,,,,,,,,,,,,,,,,,,,,,
tourism,tourism guest_house,apartment,no,536,,,,O'Reilly 536,,,,,,O'Reilly,,,,,,,,wlan,,,,,,apartment,,,,,,,,,,,10100.0,,,,,,,,,,,,,,,,,,,,,,,,,,,,,,,,,,,,,,,,,,,,,
tourism,tourism guest_house,apartment,no,244,,,,Hostal Paraiso (Mary Ofelia),,,,,,Bernaza,La Haban Vieja. La Habana,,,,,,,,,,,,,apartment,,,,Hostal de renta para visitantes extranjeros. Disponibilidad de varias habitaciones con baÃ±o privado.,2018.0,,,,,,10100.0,,,,,,,,,,,,,,,,,,,,,,,,,,,,,,,,,,,,,,,,,,,,,
tourism,tourism guest_house,apartment,no,"358, Apto 12.",,,,Mi Casa es tu Casa,,My House is your House,,,,Lamparilla,,,,,,,,,,,Filippo Chiavetta,,,apartment,https://www.airbnb.it/rooms/15232293,5355514503,,,,,24-jul,,,,10100.0,,,,,,,,filippo.chiavetta@nauta.cu,,,,,,,,,,,,,,,,,,,,,,,,,,,,,,,,,,,,,
tourism,tourism guest_house,apartment,no,420,,,,Happy House rent,,Happy House rent room 2 wifi,,,,Lamparilla,,,,,,,,wlan,,,"Piso 5, apt. 19",,,apartment,,,,,,,24-jul,,,,,Happy House rent room 2 wifi,,,,,,,,,,,,,,,,,,,,,,,,,,,,,,,,,,,,,,,,,,,,
tourism,tourism guest_house,apartment,no,208,,,,Tres Hernanes,,Casa Elvis y Hery,,,,O'Reilly,,,,,,,,wlan,,,,,,apartment,,5352548044,,,,,24-jul,,,,,Tres Hernanes k.n.k. Elvis y Hery,,,,,,,,,,,,,,,,,,,,,,,,,,,,,,,,,,,,,,,,,,,,
tourism,tourism guest_house,apartment,no,505,,,,Conociendo CUBA con Mariannik,,,,,,O'Reilly,,,,,,,,wlan,,,Mariannik,,,apartment,https://airbnb.es/p/conociendocubaconmariannik,5352437086,,,,,24-jul,,,,10100.0,,,,,,,,conociendocubainfo@gmail.com,,,,,,,,,,,,,,,,,,,,,,,,,,,,,,,,,,,,,
tourism,tourism guest_house,apartment,no,64,,,,Balcones de San Juan,,,,,,San Juan de Dios,,,,,,,,,,,,,,apartment,https://dovolenkanakube.sk/,5356843897,travel_agency,,,,24-jul,,,,,,,,,,,,info@dovolenkanakube.sk,,,,,,,,,,,,,,,,,,,,,,,,,,,,,,,,,,,,,
tourism,tourism guest_house,apartment,no,64,,,,Balcones de San Juan,,,,,,San Juan de Dios,,,,,,,,,,,,,,apartment,https://dovolenkanakube.sk/,5356843897,,,,,24-jul,,,,,,,,,,,,info@dovolenkanakube.sk,,,,,,,,,,,,,,,,,,,,,,,,,,,,,,,,,,,,,
tourism,tourism guest_house,apartment,no,557,,,,Casa Gabriel,,,,,,San Ignacio,,,,,,,,,,,,,,apartment,,,,,,,,,,,,,,,,,,,,,,,,,,,,,,,,,,,,,,,,,,,,,,,,,,,,,,,,
tourism,tourism guest_house,apartment,no,405,yes,,,Laura y Rodney,,,,,,Muralla,La Habana,,,,,,,no,no,,Laura Nallib y Rodney Trujillo,4.0,outside,apartment,,,,,,,,,,,10100.0,,,,,,,,,,,,,,,,,,,,,,,,,,,,,,,,,,,,,,,,,,,,,
tourism,tourism building,hotel,no,,,,,Iberostar Parque Central,,,,,hc,Neptuno,,,,,,ä¾è´ç½æ¯å¡ä¸­å¤®å¬å­éåº,,wlan,,,,,,hotel,,,,,,,,,,,,,,,,,,,,,,,,,,,,,,,,,,,,,,,,,,,,,,,,,,,,,,,,
tourism,tourism building,hotel,no,,,,,Palacio del MarquÃ©s de San Felipe y Santiago de Bejucal,,,,,,,,,,,,,,,,,,,,hotel,,,,,,,,,,,,,,,,,,,,,,,,,,,,,,,,5.0,,,,,,,,,,,,,,,,,,,,,,,,
tourism,tourism building,hotel,no,53,,,,Hotel El Comendador,,,,,,Oficios,,,,,,,,yes,yes,,Grupo de Turismo Gaviota,14.0,,hotel,https://www.gaviotahotels.com/,5378605628,,,,,24-jul,,,,,,,,,,,,,,,,,,,,,,,,,,,,,,,,,,,,,,,,,,,,,,,,,
tourism,tourism building,hotel,no,,,,,Hotel Los Frailes,,,,,,Brasil (Teniente Rey),,,,,,,,,,,,,,hotel,,5378629383,,,,,24-jul,,,,,,,,,,,,,,,,,,,,,,,,,,,,,,,,,,,,,,,,,,,,,,,,,
tourism,tourism building,hotel,no,,,,,El MesÃ³n de la Flota,,,,,,,,,,,,,,,,,,,,hotel,,,,,,,,,,,,,,,,,,,,,,,,,,,,,,,,,,,,,,,,,,,,,,,,,,,,,,,,
tourism,tourism building,hotel,no,,,,,Armadores de Santander,,,,,,,,,,,,,,wlan,yes,,Grupo de Turismo Gaviota,,,hotel,https://www.gaviotahotels.com,,,,,,24-jul,,,,,,,,,,,,,,,,,,,,,,,,,,,,,,,,,,,,,,,,,,,,,,,,,
tourism,tourism building,hotel,no,411,,,,BeltrÃ¡n de Santa Cruz,,,,,,San Ignacio,,,,,,,,,,,Gaviota,,,hotel,,5378608330,,,,,24-jul,,,,,,,,,,,,,,,,,,,,,,,,,,,,,,,,,,,,,,,,,,,,,,,,,
tourism,tourism building,hotel,no,,,,,MarquÃ©s de Prado Ameno,,,,,,,,,,,,,,,,,,,,hotel,,,,,,,,,,,,,,,,,,,,,,,,,,,,,,,,,,,,,,,,,,,,,,,,,,,,,,,,
tourism,tourism building,hotel,no,103,,,,Hotel Raquel,,,,,,Amargura,,,,,,,,,,,,,,hotel,,,,,,,,,,,,,,,,,,,,,,,,,,,,,,,,,,,,,,,,,,,,,,,,,,,,,,,,
tourism,tourism building,hotel,no,,,,,Hotel Ambos Mundos,,Hotel Ambos Mundos,,,,,,,,,,æµ·æå¨ä¸¤ä¸ªä¸çé¥­åº,,,,ìë³´ì¤ ë¬¸ëì¤ í¸í,,,,hotel,,5378609529,,,,,24-jul,,,,,,,,,,,,,,,,,,,,,,,,,,,,,,,,,,,,,,,,,,,,,,,,,
tourism,tourism building,hotel,no,202,,,,Conde de Villanueva,,,,,,Mercaderes,Habana Vieja,,,,,,,wlan,yes,,Grupo de Turismo Gaviota,9.0,dedicated,hotel,https://www.gaviotahotels.com/,5378629293,,,,,24-jul,,,,10100.0,,,,,,,,,,,,,,,,,,,,,,,,,,,,,,,,,,,,,,,,,,,,,
tourism,tourism building,hotel,no,,,,,MarquÃ©s de Prado Ameno,,,,,,O'Reilly,Habana Vieja,,,,,,,wlan,yes,,Grupo de Turismo Gaviota,,separated,hotel,https://www.gaviotahotels.com,5378624127,,,,,24-jul,,,,10100.0,,,,,,,,comercial@hotelflorida.habaguanex.cu,,,,,,,,,,,,,4.0,,,,,,,,,,,,,,,,,,,,,,,,
tourism,tourism building,hotel,no,,,,,Palacio Cueto,,,,,,Inquisidor,,,,,,,,,,ì¿ ìí  ì í,,,,hotel,,,,,,,,,,,,Palacio Cueto,,,,,,,,,,,,,,,,,,,,,,,,,,,,,,,,,,,,,,,,,,,,
tourism,tourism building,hotel,no,,,,,Ambos Mundos,,,,,,Obispo,,,,,,,Q4884594,,,,,,,hotel,,5378609529,,,,,24-jul,,,,,,,,,,,,,,,,,,,,,,,,,,,,,,,,,,,,,,,,,,,,,,,,,
tourism,tourism building,hotel,no,115,,,,Chez Nous,,,,,,Brasil (Teniente Rey),Habana Vieja,,,,,,,,,,,,,hotel,,,,,,,,,,,10100.0,,,,,,,,,,,,,,,,,,,,,,,,,,,,,,,,,,,,,,,,,,,,,
tourism,tourism building,hotel,no,110,,,,Casa Allegro,,,,,,Lamparilla,,,,,,,,,,,Dany GalÃ¡n,,,hotel,,,,,,,,,,,100.0,Casa Allegro,,,,,,,,,,,,,,,,,,,,,,,,,,,,,,,,,,,,,,,,,,,,
tourism,tourism building,hotel,no,,,,,El Ligerito,,,,,,Bernaza,Habana Vieja,,,,,,,,no,,Sistema de Alojamiento de La Habana,,separated,hotel,,,,,,,,,,,,,,,,,,,,,,,,,,,,,,,,,,,,,,,,,,,,,,,,,,,,,,,,
tourism,tourism building,hotel,no,58,,,,Los Balcones de Oficios,,,,,,Oficios,,,,,,,,wlan,,,Esther,,,hotel,http://www.balconesdeoficios.com,+53 53154748,,,,,,,,,,,,,,,,,losbalconesdeoficios@gmail.com,,,,,,,,,,,,,,,,,,,,,,,,,,,,,,,,,,,,,
tourism,tourism building,hotel,no,,,,,Iberostar Parque Central (La Torre),,,,,,,,,,,,,,,,,,,,hotel,,,,,,,,,,,,,,,,,,,,,,,,,,,,,,,,,,,,,,,,,,,,,,,,,,,,,,,,
tourism,tourism building,hotel,no,411,,,,Hostal Obispo 411,,,,,,Obispo,,,,,,,,wlan,,,,,,hotel,,5354820270,,,,,24-jul,,,,10400.0,,,,,,,,ledys91@nauta.cu,,,,,,,,,,,,,,,,,,,,,,,,,,,,,,,,,,,,,
tourism,tourism building,hotel,no,,,,,El Ligerito,,,,,,,,,,,,,,,,,,,,hotel,,,,,,,,,,,,El Ligerito,,,,,,,,,,,,,,,,,,,,,,,,,,,,,,,,,,,,,,,,,,,,
tourism,tourism building,hotel,no,,,,,Iberostar Parque Central Colonial,,Iberostar Parque Central Colonial,,,,,,,,,,,,,,,,,,hotel,,,,,,,,,,,,Iberostar Parque Central Colonial,,,,,,,,,,,,,,,,,,,,,,,,,,,,,,,,,,,,,,,,,,,,
tourism,tourism building,hotel,no,,,,,Iberostar Parque Central Torre,,Iberostar Parque Central Torre,,,,,,,,,,,,wlan,,,,,,hotel,http://www.cubafortravel.com,,,,,,,,,,,Iberostar Parque Central Torre,,,,,,,contact@dorsemo.com,,,,,,,,,,,,,,,,,,,,,,,,,,,,,,,,,,,,,
tourism,tourism building,hotel,no,107 Apto. 2,,,,HAVANA VIDA,,,,,,Villegas,,,,,,,,wlan,,,JÃ©rÃ´me Hudon,,,hotel,https://es.airbnb.com/rooms/19048080,+53 78014026,,,,,Mo-Su 03:00-21:00,,,,10202.0,,,,,,,,jehudon@hotmail.com,,,,,,,,,,,,,,,,,,,,,,,,,,,,,,,,,,,,,
tourism,tourism building,hotel,no,252,,,,Hotel Florida,,,,,,Obispo,Habana Vieja,,,,,,,yes,yes,íë¡ë¦¬ë¤ í¸í ì´ì¬ë°,Grupo de Turismo Gaviota,,separated,hotel,https://www.gaviotahotels.com,5378614639,,,,,24-jul,,,,10100.0,,,,,,,,,,,,,,,,,,,,,4.0,,,,,,,,,,,,,,,,,,,,,,,,
tourism,tourism building,hotel,no,359,,,,La Puerta de Obispo,,,,,,Obispo,La Habana Vieja,,,,,,,wlan,yes,,Casa Particular,2.0,separated,hotel,https://www.lapuertadeobispo.com/,-2099,,,,,,,,,10100.0,,,,,,,,,,,,,,,,,,,,,5.0,Â±53-5-249-6332,-10918.0,,,,,,,,,,,,,,,,,,,,,,
tourism,tourism building,hotel,no,,,,,"Casa ""La Muralla 358""",,,,,,,,,,,,,,,,,,,,hotel,,,,,,,,,,,,,,,,,,,,,,,,,,,,,,,,,,,,,,,,,,,,,,,,,,,,,,,,
tourism,tourism building,hotel,no,,,,,Appart,,,,,,,,,,,,,,,,,,,,hotel,,,,,,,,,,,,,,,,,,,,,,,,,,,,,,,,,,,,,,,,,,,,,,,,,,,,,,,,
tourism,tourism building,hotel,no,463,,,,Hostal Habana Moscu,,,,,,O'Reilly,,,,,,,,wlan,,,,,,hotel,http://habana-moscu.com/,5378014338,,,,,24-jul,,,,10200.0,,,,,,,,wilsoncub.jlw@gmail.com,,,,,,,,,,,,,,,,,,,,,,,,,,,,,,,,,,,,,
tourism,tourism building,hotel,no,,,,,Casa de Hospedaje,,,,,,,,,,,,,,,,,,,,hotel,,,,,,,,,,,,,,,,,,,,,,,,,,,,,,,,,,,,,,,,,,,,,,,,,,,,,,,,
tourism,tourism building,hotel,no,,,,,,,,,,,,,,,,,,,,,,,,,hotel,,,,,,,,,,,,,,,,,,,,,,,,,,,,,,,,,,,,,,,,,,,,,,,,,,,,,,,,
tourism,tourism building,hotel,no,,,,,,,,,,,,,,,,,,,,,,,,,hotel,,,,,,,,,,,,,,,,,,,,,,,,,,,,,,,,,,,,,,,,,,,,,,,,,,,,,,,,
tourism,tourism building,hotel,no,,,,,,,,,,,,,,,,,,,,,,,,,hotel,,,,,,,,,,,,,,,,,,,,,,,,,,,,,,,,,,,,,,,,,,,,,,,,,,,,,,,,
tourism,tourism building,hotel,no,,,,,Palacio Cueto,,,,,,,,,,,,,,,,,,,,hotel,,,,,,,,,,,,,,,,,,,,,,,,,,,,,,,,,,,,,,,,,,,,,,,,,,,,,,,,
tourism,tourism building,hotel,no,,,,,Palacio Cueto,,,,,,,,,,,,,,,,,,,,hotel,,,,,,,,,,,,,,,,,,,,,,,,,,,,,,,,,,,,,,,,,,,,,,,,,,,,,,,,
tourism,tourism building,hotel,no,402,,,,Conde dâRicla. Deluxe hotel boutique,,,,,,San Ignacio,,,,,,,,,,,,,,hotel,,,,,,,,,,,,,,,,,,,,,,,,,,,,,,,,,,,,,,,,,,,,,,,,,,,,,,,,
tourism,tourism building,hotel,no,354,,,,Sol y Compostela,,,,,,Sol,,,,,,,,,,,,,,hotel,,5353316555,,,,,,,,,,,,,,,,,solycompostela@gmail.com,,,,,,,,,,,,,,,,,,,,,,,,,,,,,,,,,,,,,
tourism,tourism building,hotel,no,612,,,,Habana 612,,,,,,Habana,,,,,,,,,,,,,,hotel,,,,,,,,,,,,Habana 612,,,,,,,,,,,,,,,,,,,,,,,,,,,,,,,,,,,,,,,,,,,,
tourism,tourism building,hotel,no,,,,,hostal Balcones Muralla,,,,,,,,,,,,,,,,,,,,hotel,,,,,,,,,,,,,,,,,,,,,,,,,,,,,,,,,,,,,,,,,,,,,,,,,,,,,,,,
tourism,tourism building,hotel,no,2,,,,Hotel Armadores de Santander,,,,,,Luz,,,,,,,,,,,,,,hotel,,5378628000,,,,,24-jul,,,,,,,,,,,,,,,,,,,,,,,,,,,,,,,,,,,,,,,,,,,,,,,,,
tourism,tourism building,hotel,no,,,,,Gran Hotel Bristol,,,,,,Brasil (Teniente Rey),,,,,,,,wlan,,,,,,hotel,,,,,,,24-jul,,,,,,,,,,,,,,,,,,,,,,,,,,,,,,,,,,,,,,,,,,,,,,,,,
tourism,tourism building,hotel,no,,,,,MarquÃ©s de CÃ¡rdenas y Montehermoso,,,,,,Oficios,,,,,,,,,,,,,,hotel,,,,,,,,,,,,,,,,,,,,,,,,,,,,,,,,,,,,,,,,,,,,,,,,,,,,,,,,
tourism,tourism building,hotel,no,,,,,Palacio de los Corredores,,,,,,Oficios,,,,,,,,,,,,,,hotel,,,,,,,,,,,,,,,,,,,,,,,,,,,,,,,,,,,,,,,,,,,,,,,,,,,,,,,,
tourism,tourism building,hotel,no,,,6.0,,Hotel Manzana,,,,,,,,,,,,,Q6753419,,,,Kempinsky,,,hotel,,,,,,,,,,,,,,,,,,,,,,,,,,,,,,,,,,,,,,,,,,,,,,,,,,,,,,,,
tourism,tourism building,hotel,no,,,5.0,,Hotel Parque Central,,,,,,Neptuno,La Habana,,,,,,,,,,Iberostar,,,hotel,,,,,,,,,,,,,,,,,,,,,,,,,,,,,,,,,,,,,,,,,,,,,,,,,,,,,,,,
tourism,tourism building,hotel,no,,yes,,,Hostal Valencia,,,,,,,,,,,,,,,,,,,,hotel,,,,,,,,,,,,,,,,,,,,,,,,,,,,,,,,,,,,,,,,,,,,,,,,,,,,,,,,
tourism,tourism building,hotel,no,153,hotel,5.0,,Hotel Ambos Mundos,,,,,,Obispo,,,pink,,,,Q4884594,yes,yes,ìë³´ì¤ ë¬¸ëì¤ í¸í,Grupo de Turismo Gaviota,52.0,no,hotel,https://www.gaviotahotels.com/,,,,,,,,,,,,,,,,,,,,,,,,,,,,,,,,,,,,,,,,,,,,,,,,,,,,,,,
tourism,tourism building,hotel,no,,hotel,5.0,,Hotel Saratoga,,,,,,Paseo de MartÃ­ (Paseo del Prado),La Habana,,green,,,,,wlan,,,,,,hotel,,5378611000,,,,,,,,,,,,,,,,,,,,,,,,,,,,,,,,,,,,,,,,,,,,,,,,,,,,,,
tourism,tourism building,hotel,no,485,yes,,,Colonial House bnb Isabella,,,,,,Avenida de BÃ©lgica (Monserrate),La Haban Vieja. La Habana,,,,,,,no,,,,2.0,outside,hotel,,,,,,,,,,,10100.0,,,,,,,,lolacruzata@gmail.com,,,,,,,,,,,,,4.0,,,,,,,,,,,,,,,,,,,,,,,,
tourism,tourism building,hotel,no,,yes,6.0,,Gran Hotel Bristol,,,,,,,,,,,,,,,,,,,,hotel,,,,,,,,,,,,,,,,,,,,,,,,,,,,,,,,,,,,,,,,,,,,,,,,,,,,,,,,
highway,highway crossing,traffic_signals,no,,,,,,,,,,,,,,,,,,,,,,,,,,,,,,,,,,,,,,,,,,,,,,traffic_signals,,,,,,,,,,,,,,,,,,,,,,,,,,,,,,,,,,,
highway,highway crossing,traffic_signals,no,,,,,,,,,,,,,,,,,,,,,,,,,,,,,,,,,,,,,,,,,,,,,,traffic_signals,,,,,,,,,,,,,,,,,,,,,,,,,,,,,,,,,,,
highway,highway crossing,traffic_signals,no,,,,,,,,,,,,,,,,,,,,,,,,,,,,,,,,,,,,,,,,,,,,,,traffic_signals,,,,,,,,,,,,,,,,,,,,,,,,,,,,,,,,,,,
highway,highway crossing,traffic_signals,no,,,,,,,,,,,,,,,,,,,,,,,,,,,,,,,,,,,,,,,,,,,,,,traffic_signals,,,,,,,,,,,,,,forward,,,,,,,,,,,,,,,,,,,,,
highway,highway crossing,traffic_signals,no,,,,,,,,,,,,,,,,,,,,,,,,,,,,,,,,,,,,,,,,,,,,,,traffic_signals,,,,,,,,,,,,,,,,,,,,,,,,,,,,,,,,,,,
highway,highway crossing,traffic_signals,no,,,,,,,,,,,,,,,,,,,,,,,,,,,,,,,,,,,,,,,,,,,,,,traffic_signals,,,,,,,,,,,,,,,,,,,,,,,,,,,,,,,,,,,
highway,highway crossing,traffic_signals,no,,,,,,,,,,,,,,,,,,,,,,,,,,,,,,,,,,,,,,,,,,,,,,traffic_signals,,,,,,,,,,,,,,,,,,,,,,,,,,,,,,,,,,,
highway,highway crossing,traffic_signals,no,,,,,,,,,,,,,,,,,,,,,,,,,,,,,,,,,,,,,,,,,,,,,,traffic_signals,,,,,,,,,,,,,,,,,,,,,,,,,,,,,,,,,,,
highway,highway crossing,traffic_signals,no,,,,,,,,,,,,,,,,,,,,,,,,,,,,,,,,,,,,,,,,,,,,,,traffic_signals,,,,,,,,,,,,,,,,,,,,,,,,,,,,,,,,,,,
highway,highway crossing,traffic_signals,no,,,,,,,,,,,,,,,,,,,,,,,,,,,,,,,,,,,,,,,,,,,,,,traffic_signals,,,,,,,,,,,,,,,,,,,,,,,,,,,,,,,,,,,
highway,highway crossing,traffic_signals,no,,,,,,,,,,,,,,,,,,,,,,,,,,,,,,,,,,,,,,,,,,,,,,traffic_signals,,,,,,,,,,,,,,,,,,,,,,,,,,,,,,,,,,,
highway,highway crossing,traffic_signals,no,,,,,,,,,,,,,,,,,,,,,,,,,,,,,,,,,,,,,,,,,,,,,,traffic_signals,,,,,,,,,,,,,,,,,,,,,,,,,,,,,,,,,,,
highway,highway crossing,traffic_signals,no,,,,,,,,,,,,,,,,,,,,,,,,,,,,,,,,,,,,,,,,,,,,,,traffic_signals,,,,,,,,,,,,,,,,,,,,,,,,,,,,,,,,,,,
highway,highway crossing,traffic_signals,no,,,,,,,,,,,,,,,,,,,,,,,,,,,,,,,,,,,,,,,,,,,,,,traffic_signals,,,,,,,,,,,,,,,,,,,,,,,,,,,,,,,,,,,
highway,highway crossing,traffic_signals,no,,,,,,,,,,,,,,,,,,,,,,,,,,,,,,,,,,,,,,,,,,,,,,traffic_signals,,,,,,,,,,,,,,,,,,,,,,,,,,,,,,,,,,,
highway,highway crossing,traffic_signals,no,,,,,,,,,,,,,,,,,,,,,,,,,,,,,,,,,,,,,,,,,,,,,,traffic_signals,,,,,,,,,,,,,,,,,,,,,,,,,,,,,,,,,,,
highway,highway crossing,traffic_signals,no,,,,,,,,,,,,,,,,,,,,,,,,,,,,,,,,,,,,,,,,,,,,,,traffic_signals,,,,,,,,,,,,,,,,,,,,,,,,,,,,,,,,,,,
highway,highway crossing,traffic_signals,no,,,,,,,,,,,,,,,,,,,,,,,,,,,,,,,,,,,,,,,,,,,,,,traffic_signals,,,,,,,,,,,,,,,,,,,,,,,,,,,,,,,,,,,
highway,highway crossing,traffic_signals,no,,,,,,,,,,,,,,,,,,,,,,,,,,,,,,,,,,,,,,,,,,,,,,traffic_signals,,,,,,,,,,,,,,,,,,,,,,,,,,,,,,,,,,,
highway,highway crossing,traffic_signals,no,,,,,,,,,,,,,,,,,,,,,,,,,,,,,,,,,,,,,,,,,,,,,,traffic_signals,,,,,,,,,,,,,,,traffic_lights,forward,,,,,,,,,,,,,,,,,,,
highway,highway crossing,traffic_signals,no,,,,,,,,,,,,,,,,,,,,,,,,,,,,,,,,,,,,,,,,,,,,,,traffic_signals,,,,,,,,,,,,,,,,,,,,,,,,,,,,,,,,,,,
highway,highway crossing,traffic_signals,no,,,,,,,,,,,,,,,,,,,,,,,,,,,,,,,,,,,,,,,,,,,,,,traffic_signals,,,,,,,,,,,,,,,,,,,,,,,,,,,,,,,,,,,
highway,highway crossing,traffic_signals,no,,,,,Esquina de Tejas,,,,,,,,,,,,,,,,,,,,,,,,,,,,,,,,,,,,,,,,,traffic_signals,,,,,,,,,,,,,,,,,yes,,,,,,,,,,,,,,,,,,
highway,highway crossing,traffic_signals,no,,,,,,,,,,,,,,,,,,,,,,,,,,,,,,,,,,,,,,,,,,,,,,traffic_signals,,,,,,,,,,,,,,,,,,,,,,,,,,,,,,,,,,,
highway,highway crossing,traffic_signals,no,,,,,,,,,,,,,,,,,,,,,,,,,,,,,,,,,,,,,,,,,,,,,,traffic_signals,,,,,,,,,,,,,,,,,,,,,,,,,,,,,,,,,,,
highway,highway crossing,traffic_signals,no,,,,,Esquina de Toyo,,,,,,,,,,,,,,,,,,,,,,,,,,,,,,,,,,,,,,,,,traffic_signals,,,,,,,,,,,,,,,,,yes,,,,,,,,,,,,,,,,,,
highway,highway crossing,traffic_signals,no,,,,,,,,,,,,,,,,,,,,,,,,,,,,,,,,,,,,,,,,,,,,,,traffic_signals,,,,,,,,,,,,,,,,forward,,,,,,,,,,,,,,,,,,,
highway,highway crossing,traffic_signals,no,,,,,,,,,,,,,,,,,,,,,,,,,,,,,,,,,,,,,,,,,,,,,,traffic_signals,,,,,,,,,,,,,,,,,,,,,,,,,,,,,,,,,,,
highway,highway crossing,traffic_signals,no,,,,,,,,,,,,,,,,,,,,,,,,,,,,,,,,,,,,,,,,,,,,,,traffic_signals,,,,,,,,,,,,,,,,,,,,,,,,,,,,,,,,,,,
highway,highway crossing,traffic_signals,no,,,,,,,,,,,,,,,,,,,,,,,,,,,,,,,,,,,,,,,,,,,,,,traffic_signals,,,,,,,,,,,,,,,,,,,,,,,,,,,,,,,,,,,
highway,highway crossing,traffic_signals,no,,,,,,,,,,,,,,,,,,,,,,,,,,,,,,,,,,,,,,,,,,,,,,traffic_signals,,,,,,,,,,,,,,,,forward,,,,,,,,,,,,,,,,,,,
highway,highway crossing,traffic_signals,no,,,,,,,,,,,,,,,,,,,,,,,,,,,,,,,,,,,,,,,,,,,,,,traffic_signals,,,,,,,,,,,,,,,,,,,,,,,,,,,,,,,,,,,
highway,highway crossing,traffic_signals,no,,,,,,,,,,,,,,,,,,,,,,,,,,,,,,,,,,,,,,,,,,,,,,traffic_signals,,,,,,,,,,,,,,,,,,,,,,,,,,,,,,,,,,,
highway,highway crossing,traffic_signals,no,,,,,,,,,,,,,,,,,,,,,,,,,,,,,,,,,,,,,,,,,,,,,,traffic_signals,,,,,,,,,,,,,,,,,,,,,,,,,,,,,,,,,,,
highway,highway crossing,traffic_signals,no,,,,,,,,,,,,,,,,,,,,,,,,,,,,,,,,,,,,,,,,,,,,,,traffic_signals,,,,,,,,,,,,,,,,,,,,,,,,,,,,,,,,,,,
highway,highway crossing,traffic_signals,no,,,,,,,,,,,,,,,,,,,,,,,,,,,,,,,,,,,,,,,,,,,,,,traffic_signals,,,,,,,,,,,,,,,,,,,,,,,,,,,,,,,,,,,
highway,highway crossing,traffic_signals,no,,,,,,,,,,,,,,,,,,,,,,,,,,,,,,,,,,,,,,,,,,,,,,traffic_signals,,,,,,,,,,,,,,,,forward,,,,,,,,,,,,,,,,,,,
highway,highway crossing,traffic_signals,no,,,,,,,,,,,,,,,,,,,,,,,,,,,,,,,,,,,,,,,,,,,,,,traffic_signals,,,,,,,,,,,,,,,,forward,,,,,,,,,,,,,,,,,,,
highway,highway crossing,traffic_signals,no,,,,,,,,,,,,,,,,,,,,,,,,,,,,,,,,,,,,,,,,,,,,,,traffic_signals,,,,,,,,,,,,,,,,,,,,,,,,,,,,,,,,,,,
highway,highway crossing,traffic_signals,no,,,,,,,,,,,,,,,,,,,,,,,,,,,,,,,,,,,,,,,,,,,,,,traffic_signals,,,,,,,,,,,,,,,,,,,,,,,,,,,,,,,,,,,
highway,highway crossing,traffic_signals,no,,,,,,,,,,,,,,,,,,,,,,,,,,,,,,,,,,,,,,,,,,,,,,traffic_signals,,,,,,,,,,,,,,,,,,,,,,,,,,,,,,,,,,,
highway,highway crossing,traffic_signals,no,,,,,,,,,,,,,,,,,,,,,,,,,,,,,,,,,,,,,,,,,,,,,,traffic_signals,,,,,,,,,,,,,,,,,,,,,,,,,,,,,,,,,,,
highway,highway crossing,traffic_signals,no,,,,,,,,,,,,,,,,,,,,,,,,,,,,,,,,,,,,,,,,,,,,,,traffic_signals,,,,,,,,,,,,,,,,,,,,,,,,,,,,,,,,,,,
highway,highway crossing,traffic_signals,no,,,,,,,,,,,,,,,,,,,,,,,,,,,,,,,,,,,,,,,,,,,,,,traffic_signals,,,,,,,,,,,,,,,,,,,,,,,,,,,,,,,,,,,
highway,highway crossing,traffic_signals,no,,,,,,,,,,,,,,,,,,,,,,,,,,,,,,,,,,,,,,,,,,,,,,traffic_signals,,,,,,,,,,,,,,,,forward,,,,,,,,,,,,,,,,,,,
highway,highway crossing,traffic_signals,no,,,,,,,,,,,,,,,,,,,,,,,,,,,,,,,,,,,,,,,,,,,,,,traffic_signals,,,,,,,,,,,,,,,,,,,,,,,,,,,,,,,,,,,
highway,highway landuse building,residential,no,,,,,Diaria,,,,,,,,,,,,,,,,,,,,,,,,,,,,,,,,,,,,asphalt,,,,,residential,,,,,,,,,,,,,,,,,,40.0,,,,,,,,,,,,,,,,,
highway,highway landuse building,residential,no,,,,,Corrales,,,,,,,,,,,,,,,,,,,,,,,,,,,,,,,,,,,,asphalt,,,,,residential,,,,,,,,,,,,,,,,,,50.0,2.0,yes,,,,,,,,,,,,,,,
highway,highway landuse building,residential,no,,,,,Clavel,,,,,,,,,,,,,,,,,,,,,,,,,,,,,,,,,,,,asphalt,,,,,residential,,,,,,,,,,,,,,,,,,,,,,,,,,,,,,,,,,,
highway,highway landuse building,residential,no,,,,,Santa Marta,,,,,,,,,,,,,,,,,,,,,,,,,,,,,,,,,,,,asphalt,,,,,residential,,,,,,,,,,,,,,,,,,,,,,,,,,,,,,,,,,,
highway,highway landuse building,residential,no,,,,,Santa Marta,,,,,,,,,,,,,,,,,,,,,,,,,,,,,,,,,,,,paved,,,,,residential,,,,,,,,,,,,,,,,,,,,,yes,both,Pavimento obsoleto en muy malas condiciones,,,,,,,,,,,,
highway,highway landuse building,residential,no,,,,,Manglar,,,,,,,,,,,,,,,,,,,,,,,,,,,,,,,,,,,,fine_gravel,,,,,residential,,,,,,,,,,,,,,,,,,,,,,both,,,,,,,,,,,,,
highway,highway landuse building,residential,no,,,,,Ãrbol Seco,,,,,,,,,,,,,,,,,,,,,,,,,,,,,,,,,,,,asphalt,,,,,residential,,,,,,,,,,,,,,,,,,,,yes,,,,,,,,,,,,,,,
highway,highway landuse building,residential,no,,,,,Subirana,,,,,,,,,,,,,,,,,,,,,,,,,,,,,,,,,,,,asphalt,,,,,residential,,,,,,,,,,,,,,,,,,50.0,2.0,yes,,,,,,,,,,,,,,,
highway,highway landuse building,residential,no,,,,,Franco,,,,,,,,,,,,,,,,,,,,,,,,,,,,,,,,,,,,asphalt,,,,,residential,,,,,,,,,,,,,,,,,,,,yes,,,,,,,,,,,,,,,
highway,highway landuse building,residential,no,,,,,Rastro,,,,,,,,,,,,,,,,,,,,,,,,,,,,,,,,,,,,asphalt,,,,,residential,,,,,,,,,,,,,,,,,,,,yes,,both,,,,,,,,,,,,,
highway,highway landuse building,residential,no,,,,,Tenerife,,,,,,,,,,,,,,,,,,,,,,,,,,,,,,,,,,,,asphalt,,,,,residential,,,,,,,,,,,,,,,,,,,,,,both,,,,,,,,,,,,,
highway,highway landuse building,residential,no,,,,,Lindero,,,,,,,,,,,,,,,,,,,,,,,,,,,,,,,,,,,,,,,,,residential,,,,,,,,,,,,,,,,,,,,,,both,,,,,,,,,,,,,
highway,highway landuse building,residential,no,,,,,Mercado,,,,,,,,,,,,,,,,,,,,,,,,,,,,,,,,,,,,asphalt,,,,,residential,,,,,,,,,,,,,,,,,,,,,,both,,,,,,,,,,,,,
highway,highway landuse building,residential,no,,,,,Gloria,,,,,,,,,,,,,,,,,,,,,,,,,,,,,,,,,,,,,,,,,residential,,,,,,,,,,,,,,,,,,,,yes,,,,,,,,,,,,,,,
highway,highway landuse building,residential,no,,,,,Puerta Cerrada,,,,,,,,,,,,,,,,,,,,,,,,,,,,,,,,,,,,asphalt,,,,,residential,,,,,,,,,,,,,,,,,,,,,,,,,,,,,,,,,,,
highway,highway landuse building,residential,no,,,,,Chamorro,,,,,,,,,,,,,,,,,,,,,,,,,,,,,,,,,,,,asphalt,,,,,residential,,,,,,,,,,,,,,,,,,,,,,,,,,,,,,,,,,,
highway,highway landuse building,residential,no,,,,,P. Lacoste,,,,,,,,,,,,,,,,,,,,,,,,,,,,,,,,,,,,asphalt,,,,,residential,,,,,,,,,,,,,,,,,,,,,,,,,,,,,,,,,,,
highway,highway landuse building,residential,no,,,,,Nestor SardiÃ±as,,,,,,,,,,,,,,,,,,,,,,,,,,,,,,,,,,,,asphalt,,,,,residential,,,,,,,,,,,,,,,,,,50.0,,,,,,,,,,,,,,,,,
highway,highway landuse building,residential,no,,,,,Factor,,,,,,,,,,,,,,,,,,,,,,,,,,,,,,,,,,,,asphalt,,,,,residential,,,,,,,,,,,,,,,,,,50.0,,,,,,,,,,,,,,,,,
highway,highway landuse building,residential,no,,,,,Calle Clavel,,,,,,,,,,,,,,,,,,,,,,,,,,,,,,,,,,,,asphalt,,,,,residential,,,,,,,,,,,,,,,,,,,,,,,,,,,,,,,,,,,
highway,highway landuse building,residential,no,,,,,Mariano,,,,,,,,,,,,,,,,,,,,,,,,,,,,,,,,,,,,,,,,,residential,,,,,,,,,,,,,,,,,,,,,,,,,,,,,,,,,,,
highway,highway landuse building,residential,no,,,,,Vista Hermosa,,,,,,,,,,,,,,,,,,,,,,,,,,,,,,,,,,,,,,,,,residential,,,,,,,,,,,,,,,,,,,,,,,,,,,,,,,,,,,
highway,highway landuse building,residential,no,,,,,Auditor,,,,,,,,,,,,,,,,,,,,,,,,,,,,,,,,,,,,asphalt,,,,,residential,,,,,,,,,,,,,,,,,,,,,,,,,,,,,,,,,,,
highway,highway landuse building,residential,no,,,,,Lombillo,,,,,yahoo_images,,,,,,,,,,,,,,,,,,,,,,,,,,,,,,,asphalt,,,,,residential,,,,,,,,,,,,,,,,,,50.0,2.0,yes,,,,,,,,,,,,,,,
highway,highway landuse building,residential,no,,,,,PiÃ±eras,,,,,,,,,,,,,,,,,,,,,,,,,,,,,,,,,,,,asphalt,,,,,residential,,,,,,,,,,,,,,,,,,50.0,2.0,yes,,,,,,,,,,,,,,,
highway,highway landuse building,residential,no,,,,,Santa Catalina,,,,,,,,,,,,,,,,,,,,,,,,,,,,,,,,,,,,,,,,,residential,,,,,,,,,,,,,,,,,,,,,,,,,,,,,,,,,,,
highway,highway landuse building,residential,no,,,,,San Pedro,,,,,yahoo_images,,,,,,,,,,,,,,,,,,,,,,,,,,,,,,,asphalt,,,,,residential,,,,,,,,,,,,,,,,,,,,yes,,,,,,,,,,,,,,,
highway,highway landuse building,residential,no,,,,,DomÃ­nguez,,,,,,,,,,,,,,,,,,,,,,,,,,,,,,,,,,,,,,,,,residential,,,,,,,,,,,,,,,,,,,,yes,,,,,,,,,,,,,,,
highway,highway landuse building,residential,no,,,,,San Pablo,,,,,,,,,,,,,,,,,,,,,,,,,,,,,,,,,,,,asphalt,,,,,residential,,,,,,,,,,,,,,,,,,,,yes,,,,,,,,,,,,,,,
highway,highway landuse building,residential,no,,,,,Territorial,,,,,yahoo_images,,,,,,,,,,,,,,,,,,,,,,,,,,,,,,,asphalt,,,,,residential,,,,,,,,,,,,,,,,,,40.0,2.0,no,,,,,,,,,,,,,,,
highway,highway landuse building,residential,no,,,,,City Hall,,,,,yahoo_images,,,,,,,,,,,,,,,,,,,,,,,,,,,,,,,,,,,,residential,,,,,,,,,,,,,,,,,,,,,,,,,,,,,,,,,,,
highway,highway landuse building,residential,no,,,,,Ayuntamiento,,,,,yahoo_images,,,,,,,,,,,,,,,,,,,,,,,,,,,,,,,asphalt,,,,,residential,,,,,,,,,,,,,,,,,,,,yes,,,,,,,,,,,,,,,
highway,highway landuse building,residential,no,,,,,Leonor,,,,,yahoo_images,,,,,,,,,,,,,,,,,,,,,,,,,,,,,,,asphalt,,,,,residential,,,,,,,,,,,,,,,,,,50.0,2.0,,,,,,,,,,,,,,,,
highway,highway landuse building,residential,no,,,,,Universidad,,,,,yahoo imagery,,,,,,,,,,,,,,,,,,,,,,,,,,,,,,,asphalt,,,,,residential,,,,,,,,,,,,,,,,,,,,yes,,,,,,,,,,,,,,,
highway,highway landuse building,residential,no,,,,,EstÃ©vez,,,,,yahoo imagery,,,,,,,,,,,,,,,,,,,,,,,,,,,,,,,asphalt,,,,,residential,,,,,,,,,,,,,,,,,,,,yes,,,,,,,,,,,,,,,
highway,highway landuse building,residential,no,,,,,Santa Rosa,,,,,yahoo imagery,,,,,,,,,,,,,,,,,,,,,,,,,,,,,,,,,,,,residential,,,,,,,,,,,,,,,,,,,,yes,,,,,,,,,,,,,,,
highway,highway landuse building,residential,no,,,,,San JosÃ©,,,,,yahoo imagery,,,,,,,,,,,,,,,,,,,,,,,,,,,,,,,,,,,,residential,,,,,,,,,,,,,,,,,,,,,,,,,,,,,,,,,,,
highway,highway landuse building,residential,no,,,,,Castillo,,,,,yahoo imagery,,,,,,,,,,,,,,,,,,,,,,,,,,,,,,,,,,,,residential,,,,,,,,,,,,,,,,,,,,yes,,,,,,,,,,,,,,,
highway,highway landuse building,residential,no,,,,,Zequeira,,,,,yahoo imagery,,,,,,,,,,,,,,,,,,,,,,,,,,,,,,,asphalt,,,,,residential,,,,,,,,,,,,,,,,,,,,yes,,,,,,,,,,,,,,,
highway,highway landuse building,residential,no,,,,,Pedroso,,,,,yahoo imagery,,,,,,,,,,,,,,,,,,,,,,,,,,,,,,,asphalt,,,,,residential,,,,,,,,,,,,,,,,,,,,yes,,both,,,,,,,,,,,,,
highway,highway landuse building,residential,no,,,,,Acierto,,,,,,,,,,,,,,,,,,,,,,,,,,,,,,,,,,,,,,,,,residential,,,,,,,,,,,,,,,,,,,,,,,,,,,,,,,,,,,
highway,highway landuse building,residential,no,,,,,San JoaquÃ­n,,,,,,,,,,,,,,,,,,,,,,,,,,,,,,,,,,,,asphalt,,,,,residential,,,,,,,,,,,,,,,,,,50.0,2.0,yes,,,,,,,,,,,,,,,
highway,highway landuse building,residential,no,,,,,Fernandina,,,,,yahoo imagery,,,,,,,,,,,,,,,,,,,,,,,,,,,,,,,,,,,,residential,,,,,,,,,,,,,,,,,,,,yes,,,,yes,,,,,,,,,,,
highway,highway landuse building,residential,no,,,,,Omoa Oeste,,,,,yahoo imagery,,,,,,,,,,,,,,,,,,,,,,,,,,,,,,,,,,,,residential,,,,,,,,,,,,,,,,,,,,yes,,,,,,,,,,,,,,,
highway,highway landuse building,residential,no,,,,,CÃ¡diz,,,,,yahoo imagery,,,,,,,,,,,,,,,,,,,,,,,,,,,,,,,asphalt,,,,,residential,,,,,,,,,,,,,,,,,,,,yes,,,,,,,,,,,,,,,
highway,highway landuse building,residential,no,,,,,VelÃ¡zquez,,,,,yahoo imagery,,,,,,,,,,,,,,,,,,,,,,,,,,,,,,,asphalt,,,,,residential,,,,,,,,,,,,,,,,,,50.0,2.0,yes,,both,,,,,,,,,,,,,
highway,highway landuse building,residential,no,,,,,Calle Fomento,,,,,,,,,,,,,,,,,,,,,,,,,,,,,,,,,,,,,,,,,residential,,,,,,,,,,,,,,,,,,,,,,,,,,,,,,,,,,,
highway,highway landuse building,residential,no,,,,,,,,,,Yahoo,,,,,,,,,,,,,,,,,,,,,,,,,,,,,,,,,,,,residential,,,,,,,,,,,,,,,,,,,,,,,,,,,,,,,,,,,
highway,highway landuse building,residential,no,,,,,Falgueras,,,,,,,,,,,,,,,,,,,,,,,,,,,,,,,,,,,,paved,,,,,residential,,,,,,,,,,,,,,,,,,,,,,,,,,,,,,,,,,,
highway,highway landuse building,residential,no,,,,,3ra,,,,,,,,,,,,,,,,,,,,,,,,,,,,,,,,,,,,asphalt,,,,,residential,,,,,,,,,,,,,,,,,,,,yes,,,,,,,,,,,,,,,
highway,highway landuse building,residential,no,,,,,Nueva,,,,,,,,,,,,,,,,,,,,,,,,,,,,,,,,,,,,,,,,,residential,,,,,,,,,,,,,,,,,,,,,,,,,,,,,,,,,,,
highway,highway landuse building,residential,no,,,,,Carballo,,,,,,,,,,,,,,,,,,,,,,,,,,,,,,,,,,,,asphalt,,,,,residential,,,,,,,,,,,,,,,,,,,,yes,,both,,,,,,,,,,,,,
highway,highway landuse building,residential,no,,,,,Borrego,,,,,,,,,,,,,,,,,,,,,,,,,,,,,,,,,,,,asphalt,,,,,residential,,,,,,,,,,,,,,,,,,,,yes,,both,,,,,,,,,,,,,
highway,highway landuse building,residential,no,,,,,Munguia,,,,,,,,,,,,,,,,,,,,,,,,,,,,,,,,,,,,asphalt,,,,,residential,,,,,,,,,,,,,,,,,,,,yes,,both,,,,,,,,,,,,,
highway,highway landuse building,residential,no,,,,,UniÃ³n y Ahorro,,,,,,,,,,,,,,,,,,,,,,,,,,,,,,,,,,,,unhewn_cobblestone,,,,,residential,,,,,,,,,,,,,,,,,,,,,,both,,,,,,,,,,,,,
highway,highway landuse building,residential,no,,,,,Santovenia,,,,,,,,,,,,,,,,,,,,,,,,,,,,,,,,,,,,asphalt,,,,,residential,,,,,,,,,,,,,,,,,,,,,,both,,,,,,,,,,,,,
highway,highway landuse building,residential,no,,,,,Pasaje A,,,,,,,,,,,,,,,,,,,,,,,,,,,,,,,,,,,,asphalt,,,,,residential,,,,,,,,,,,,,,,,,,,,,,,,,,,,,,,,,,,
highway,highway landuse building,residential,no,,,,,Pasaje B,,,,,,,,,,,,,,,,,,,,,,,,,,,,,,,,,,,,,,,,,residential,,,,,,,,,,,,,,,,,,,,,,,,,,,,,,,,,,,
highway,highway landuse building,residential,no,,,,,Pescado,,,,,,,,,,,,,,,,,,,,,,,,,,,,,,,,,,,,,,,,,residential,,,,,,,,,,,,,,,,,,,,,,,,,,,,,,,,,,,
highway,highway landuse building,residential,no,,,,,San Jacinto,,,,,,,,,,,,,,,,,,,,,,,,,,,,,,,,,,,,,,,,,residential,,,,,,,,,,,,,,,,,,,,,,,,,,,,,,,,,,,
highway,highway landuse building,residential,no,,,,,BarberÃ­a,,,,,,,,,,,,,,,,,,,,,,,,,,,,,,,,,,,,asphalt,,,,,residential,,,,,,,,,,,,,,,,,,,,,,,,,,,,,,,,,,,
highway,highway landuse building,residential,no,,,,,Sierra,,,,,,,,,,,,,,,,,,,,,,,,,,,,,,,,,,,,,,,,,residential,,,,,,,,,,,,,,,,,,,,,,,,,,,,,,,,,,,
highway,highway landuse building,residential,no,,,,,San Gregorio,,,,,,,,,,,,,,,,,,,,,,,,,,,,,,,,,,,,,,,,,residential,,,,,,,,,,,,,,,,,,,,,,,,,,,,,,,,,,,
highway,highway landuse building,residential,no,,,,,Pasaje A,,,,,,,,,,,,,,,,,,,,,,,,,,,,,,,,,,,,sett,,,,,residential,,,,,,,,,,,,,,,,,,,,,,both,,,,,,,,,,,,,
highway,highway landuse building,residential,no,,,,,Pasaje B,,,,,,,,,,,,,,,,,,,,,,,,,,,,,,,,,,,,sett,,,,,residential,,,,,,,,,,,,,,,,,,,,,,both,,,,,,,,,,,,,
highway,highway landuse building,residential,no,,,,,Pila,,,,,,,,,,,,,,,,,,,,,,,,,,,,,,,,,,,,,,,,,residential,,,,,,,,,,,,,,,,,,,,yes,,,,,,,,,,,,,,,
highway,highway landuse building,residential,no,,,,,Cerrada,,,,,,,,,,,,,,,,,,,,,,,,,,,,,,,,,,,,,,,,,residential,,,,,,,,,,,,,,,,,,,,,,,,,,,,,,,,,,,
highway,highway landuse building,residential,no,,,,,Francisco,,,,,,,,,,,,,,,,,,,,,,,,,,,,,,,,,,,,,,,,,residential,,,,,,,,,,,,,,,,,,,,,,,,,,,,,,,,,,,
highway,highway landuse building,residential,no,,,,,Pasaje Yayabo,,,,,,,,,,,,,,,,,,,,,,,,,,,,,,,,,,,,,,,,,residential,,,,,,,,,,,,,,,,,,,,,,,,,,,,,,,,,,,
highway,highway landuse building,residential,no,,,,,San Francisco,,,,,,,,,,,,,,,,,,,,,,,,,,,,,,,,,,,,,,,,,residential,,,,,,,,,,,,,,,,,,,,,,,,,,,,,,,,,,,
highway,highway landuse building,residential,no,,,,,Quinta,,,,,,,,,,,,,,,,,,,,,,,,,,,,,,,,,,,,,,,,,residential,,,,,,,,,,,,,,,,,,,,,,,,,,,,,,,,,,,
highway,highway landuse building,residential,no,,,,,De la Quinta,,,,,,,,,,,,,,,,,,,,,,,,,,,,,,,,,,,,,,,,,residential,,,,,,,,,,,,,,,,,,,,,,,,,,,,,,,,,,,
highway,highway landuse building,residential,no,,,,,VigÃ­a,,,,,,,,,,,,,,,,,,,,,,,,,,,,,,,,,,,,,,,,,residential,,,,,,,,,,,,,,,,,,,,yes,,,,,,,,,,,,,,,
highway,highway landuse building,residential,no,,,,,PrÃ­ncipe,,,,,,,,,,,,,,,,,,,,,,,,,,,,,,,,,,,,,,,,,residential,,,,,,,,,,,,,,,,,,,,yes,,,,,,,,,,,,,,,
highway,highway landuse building,residential,no,,,,,Concha,,,,,,,,,,,,,,,,,,,,,,,,,,,,,,,,,,,,,,,,,residential,,,,,,,,,,,,,,,,,,,,,,,,,,,,,,,,,,,
highway,highway landuse building,residential,no,,,,,Corta,,,,,,,,,,,,,,,,,,,,,,,,,,,,,,,,,,,,,,,,,residential,,,,,,,,,,,,,,,,,,,,,,,,,,,,,,,,,,,
highway,highway landuse building,residential,no,,,,,San MartÃ­n,,,,,,,,,,,,,,,,,,,,,,,,,,,,,,,,,,,,asphalt,,,,,residential,,,,,,,,,,,,,,,,,,,,,,,,,,,,,,,,,,,
highway,highway landuse building,residential,no,,,,,Rafael Rateg,,,,,,,,,,,,,,,,,,,,,,,,,,,,,,,,,,,,asphalt,,,,,residential,,,,,,,,,,,,,,,,,,50.0,2.0,,,,,,,,,,,,,,,,
highway,highway landuse building,residential,no,,,,,Panchito GÃ³mez,,,,,,,,,,,,,,,,,,,,,,,,,,,,,,,,,,,,asphalt,,,,,residential,,,,,,,,,,,,,,,,,,,,,,,,,,,,,,,,,,,
highway,highway landuse building,residential,no,,,,,Cocos,,,,,,,,,,,,,,,,,,,,,,,,,,,,,,,,,,,,asphalt,,,,,residential,,,,,,,,,,,,,,,,,,,,,,,,,,,,,,,,,,,
highway,highway landuse building,residential,no,,,,,Marta Abreu,,,,,,,,,,,,,,,,,,,,,,,,,,,,,,,,,,,,,,,,,residential,,,,,,,,,,,,,,,,,,,,,,,,,,,,,,,,,,,
highway,highway landuse building,residential,no,,,,,Enrique Villuendas,,,,,,,,,,,,,,,,,,,,,,,,,,,,,,,,,,,,,,,,,residential,,,,,,,,,,,,,,,,,,,,,,,,,,,,,,,,,,,
highway,highway landuse building,residential,no,,,,,General Aguirre,,,,,,,,,,,,,,,,,,,,,,,,,,,,,,,,,,,,asphalt,,,,,residential,,,,,,,,,,,,,,,,,,,,,,,,,,,,,,,,,,,
highway,highway landuse building,residential,no,,,,,General SuÃ¡rez,,,,,,,,,,,,,,,,,,,,,,,,,,,,,,,,,,private,,asphalt,,,,,residential,,,,,,,,,,,,,,,,,,40.0,2.0,yes,,,,,,,,,,,,,,,
highway,highway landuse building,residential,no,,,,,General SuÃ¡rez,,,,,,,,,,,,,,,,,,,,,,,,,,,,,,,,,,,,asphalt,,,,,residential,,,,,,,,,,,,,,,,,,50.0,2.0,yes,,,,,,,,,,,,,,,
highway,highway landuse building,residential,no,,,,,Pereira,,,,,,,,,,,,,,,,,,,,,,,,,,,,,,,,,,,,,,,,,residential,,,,,,,,,,,,,,,,,,,,,,,,,,,,,,,,,,,
highway,highway landuse building,residential,no,,,,,Barreiro,,,,,,,,,,,,,,,,,,,,,,,,,,,,,,,,,,,,,,,,,residential,,,,,,,,,,,,,,,,,,,,,,,,,,,,,,,,,,,
highway,highway landuse building,residential,no,,,,,Granma,,,,,,,,,,,,,,,,,,,,,,,,,,,,,,,,,,,,asphalt,,,,,residential,,,,,,,,,,,,,,,,,,,,,yes,right,,,,,,,,,,,,,
highway,highway landuse building,residential,no,,,,,LÃ­nea del Ferocarril,,,,,,,,,,,,,,,,,,,,,,,,,,,,,,,,,,,,asphalt,,,,,residential,,,,,,,,,,,,,,,,,,,,,,,,,,,,,,,,,,,
highway,highway landuse building,residential,no,,,,,,,,,,,,,,,,,,,,,,,,,,,,,,,,,,,,,,,,,,,,,,residential,,,,,,,,,,,,,,,,,,,,,,,,,,,,,,,,,,,
highway,highway landuse building,residential,no,,,,,EchevarrÃ­a,,,,,,,,,,,,,,,,,,,,,,,,,,,,,,,,,,,,asphalt,,,,,residential,,,,,,,,,,,,,,,,,,40.0,2.0,yes,,,,,,,,,,,,,,,
highway,highway landuse building,residential,no,,,,,Trinidad,,,,,,,,,,,,,,,,,,,,,,,,,,,,,,,,,,,,asphalt,,,,,residential,,,,,,,,,,,,,,,,,,40.0,2.0,,,,,,,,,,,,,,,,
highway,highway landuse building,residential,no,,,,,Nueva,,,,,,,,,,,,,,,,,,,,,,,,,,,,,,,,,,,,asphalt,,,,,residential,,,,,,,,,,,,,,,,,,50.0,2.0,,,,,,,,,,,,,,,,
highway,highway landuse building,residential,no,,,,,AtarÃ©s,,,,,,,,,,,,,,,,,,,,,,,,,,,,,,,,,,,,,,,,,residential,,,,,,,,,,,,,,,,,,,,,,,,,,,,,,,,,,,
highway,highway landuse building,residential,no,,,,,Hospital La Dependiente,,,,,Yahoo,,,,,,,,,,,,,,,,,,,,,,,,,,,,,,,asphalt,,,,,residential,,,,,,,,,,,,,,,,,,40.0,4.0,,,,,,,,,,,,,,,,
highway,highway landuse building,residential,no,,,,,San Felipe,,,,,Yahoo,,,,,,,,,,,,,,,,,,,,,,,,,,,,,,,,,,,,residential,,,,,,,,,,,,,,,,,,,,yes,,,,,,,,,,,,,,,
highway,highway landuse building,residential,no,,,,,Romay,,,,,yahoo imagery,,,,,,,,,,,,,,,,,,,,,,,,,,,,,,,,,,,,residential,,,,,,,,,,,,,,,,,,,,yes,,,,,,,,,,,,,,,
highway,highway landuse building,residential,no,,,,,Capricho,,,,,,,,,,,,,,,,,,,,,,,,,,,,,,,,,,,,asphalt,,,,,residential,,,,,,,,,,,,,,,,,,,,,,,,,,,,,,,,,,,
highway,highway landuse building,residential,no,,,,,Alcoy,,,,,,,,,,,,,,,,,,,,,,,,,,,,,,,,,,,,asphalt,,,,,residential,,,,,,,,,,,,,,,,,,,,,,,,,,,,,,,,,,,
highway,highway landuse building,residential,no,,,,,Ferrer,,,,,,,,,,,,,,,,,,,,,,,,,,,,,,,,,,,,,,,,,residential,,,,,,,,,,,,,,,,,,,,,,,,,,,,,,,,,,,
highway,highway landuse building,residential,no,,,,,Amezaga,,,,,,,,,,,,,,,,,,,,,,,,,,,,,,,,,,,,asphalt,,,,,residential,,,,,,,,,,,,,,,,,,,,,,,,,,,,,,,,,,,
highway,highway landuse building,residential,no,,,,,DomÃ­nguez,,,,,Yahoo,,,,,,,,,,,,,,,,,,,,,,,,,,,,,,,asphalt,,,,,residential,,,,,,,,,,,,,,,,,,,,yes,yes,right,,,,,,,,,,,,,
highway,highway landuse building,residential,no,,,,,Cruz del Padre,,,,,,,,,,,,,,,,,,,,,,,,,,,,,,,,,,,,asphalt,,,,,residential,,,,,,,,,,,,,,,,,,40.0,2.0,,,,,,,,,,,,,,,,
highway,highway landuse building,residential,no,,,,,Ensenada,,,,,,,,,,,,,,,,,,,,,,,,,,,,,,,,,,,,,,,,,residential,,,,,,,,,,,,,,,,,,,,,,,,,,,,,,,,,,,
highway,highway landuse building,residential,no,,,,,La Rosa,,,,,yahoo_images,,,,,,,,,,,,,,,,,,,,,,,,,,,,,,,asphalt,,,,,residential,,,,,,,,,,,,,,,,,,50.0,2.0,yes,,,,,,,,,,,,,,,
highway,highway landuse building,residential,no,,,,,Vista Hermosa,,,,,,,,,,,,,,,,,,,,,,,,,,,,,,,,,,,,asphalt,,,,,residential,,,,,,,,,,,,,,,,,,,,,,,,,,,,,,,,,,,
highway,highway landuse building,residential,no,,,,,Auditor,,,,,,,,,,,,,,,,,,,,,,,,,,,,,,,,,,,,,,,,,residential,,,,,,,,,,,,,,,,,,,,,,,,,,,,,,,,,,,
highway,highway landuse building,residential,no,,,,,Territorial,,,,,yahoo_images,,,,,,,,,,,,,,,,,,,,,,,,,,,,,,,asphalt,,,,,residential,,,,,,,,,,,,,,,,,,,,,,,,,,,,,,,,,,,
highway,highway landuse building,residential,no,,,,,Flores,,,,,yahoo imagery,,,,,,,,,,,,,,,,,,,,,,,,,,,,,,,,,,,,residential,,,,,,,,,,,,,,,,,,,,yes,,,,,,,,,,,,,,,
highway,highway landuse building,residential,no,,,,,,,,,,,,,,,,,,,,,,,,,,,,,,,,,,,,,,,,,,,,,,residential,,,,,,,,,,,,,,,,,,,,,,,,,,,,,,,,,,,
highway,highway landuse building,residential,no,,,,,General SuÃ¡rez,,,,,,,,,,,,,,,,,,,,,,,,,,,,,,,,,,,,asphalt,,,,,residential,,,,,,,,,,,,,,,,,,40.0,2.0,yes,,,,,,,,,,,,,,,
highway,highway landuse building,residential,no,,,,,Omoa Este,,,,,yahoo imagery,,,,,,,,,,,,,,,,,,,,,,,,,,,,,,,asphalt,,,,,residential,,,,,,,,,,,,,,,,,,50.0,2.0,yes,,,,,,,,,,,,,,,
highway,highway landuse building,residential,no,,,,,Corrales,,,,,,,,,,,,,,,,,,,,,,,,,,,,,,,,,,,,asphalt,,,,,residential,,,,,,,,,,,,,,,,,,50.0,2.0,yes,yes,none,,,,,,,,,,,,,
highway,highway landuse building,residential,no,,,,,Granma,,,,,,,,,,,,,,,,,,,,,,,,,,,,,,,,,,,,concrete,,,,,residential,,,,,,,,,,,,,,,,,,,,,yes,none,,,,,,,,,,,,,
highway,highway landuse building,residential,no,,,,,General SuÃ¡rez,,,,,,,,,,,,,,,,,,,,,,,,,,,,,,,,,,,,,,,,,residential,,,,,,,,,,,,,,,,,,,,,,,,,,,,,,,,,,,
highway,highway landuse building,residential,no,,,,,General SuÃ¡rez,,,,,,,,,,,,,,,,,,,,,,,,,,,,,,,,,,,,,,,,,residential,,,,,,,,,,,,,,,,,,,,,,,,,,,,,,,,,,,
highway,highway landuse building,residential,no,,,,,Marta Abreu,,,,,,,,,,,,,,,,,,,,,,,,,,,,,,,,,,,,,,,,,residential,,,,,,,,,,,,,,,,,,,,,,,,,,,,,,,,,,,
highway,highway landuse building,residential,no,,,,,Gloria,,,,,,,,,,,,,,,,,,,,,,,,,,,,,,,,,,,,asphalt,,,,,residential,,,,,,,,,,,,,,,,,,,,yes,yes,none,,,,,,,,,,,,,
highway,highway landuse building,residential,no,,,,,MasÃ³,,,,,,,,,,,,,,,,,,,,,,,,,,,,,,,,,,,,asphalt,,,,,residential,,,,,,,,,,,,,,,,,,,,,,,,,,,,,,,,,,,
highway,highway landuse building,residential,no,,,,,San JoaquÃ­n,,,,,,,,,,,,,,,,,,,,,,,,,,,,,,,,,,,,,,,,,residential,,,,,,,,,,,,,,,,,,,,yes,,,,,,,,,,,,,,,
highway,highway landuse building,residential,no,,,,,San RamÃ³n,,,,,,,,,,,,,,,,,,,,,,,,,,,,,,,,,,,,,,,,,residential,,,,,,,,,,,,,,,,,,,,yes,,,,,,,,,,,,,,,
highway,highway landuse building,residential,no,,,,,Carvajal,,,,,yahoo_images,,,,,,,,,,,,,,,,,,,,,,,,,,,,,,,asphalt,,,,,residential,,,,,,,,,,,,,,,,,,40.0,2.0,,,,,,,,,,,,,,,,
highway,highway landuse building,residential,no,,,,,Oquendo,,,,,,,,,,,,,,,,,,,,,,,,,,,,,,,,,,,,,,,,,residential,,,,,,,,,,,,,,,,,,,,yes,,,,,,,,,,,,,,,
highway,highway landuse building,residential,no,,,,,San Pablo,,,,,,,,,,,,,,,,,,,,,,,,,,,,,,,,,,,,,,,,,residential,,,,,,,,,,,,,,,,,,,,yes,,,,,,,,,,,,,,,
highway,highway landuse building,residential,no,,,,,DomÃ­nguez,,,,,,,,,,,,,,,,,,,,,,,,,,,,,,,,,,,,asphalt,,,,,residential,,,,,,,,,,,,,,,,,,,,yes,,,,,,,,,,,,,,,
highway,highway landuse building,residential,no,,,,,DomÃ­nguez,,,,,Yahoo,,,,,,,,,,,,,,,,,,,,,,,,,,,,,,,,,,,,residential,,,,,,,,,,,,,,,,,,,,yes,,,,,,,,,,,,,,,
highway,highway landuse building,residential,no,,,,,Patria,,,,,,,,,,,,,,,,,,,,,,,,,,,,,,,,,,,,,,,,,residential,,,,,,,,,,,,,,,,,,,,,,,,,,,,,,,,,,,
highway,highway landuse building,residential,no,,,,,General SuÃ¡rez,,,,,,,,,,,,,,,,,,,,,,,,,,,,,,,,,,,,asphalt,,,,,residential,,,,,,,,,,,,,,,,,,40.0,2.0,yes,,,,,,,,,,,,,,,
highway,highway landuse building,residential,no,,,,,San JoaquÃ­n,,,,,,,,,,,,,,,,,,,,,,,,,,,,,,,,,,,,asphalt,,,,,residential,,,,,,,,,,,,,,,,,,,,yes,,,,,,,,,,,,,,,
highway,highway landuse building,residential,no,,,,,Santa Rosa,,,,,yahoo imagery,,,,,,,,,,,,,,,,,,,,,,,,,,,,,,,asphalt,,,,,residential,,,,,,,,,,,,,,,,,,,,yes,,,,,,,,,,,,,,,
highway,highway landuse building,residential,no,,,,,Ayuntamiento,,,,,yahoo_images,,,,,,,,,,,,,,,,,,,,,,,,,,,,,,,,,,,,residential,,,,,,,,,,,,,,,,,,,,,,,,,,,,,,,,,,,
highway,highway landuse building,residential,no,,,,,Pedro PÃ©rez,,,,,,,,,,,,,,,,,,,,,,,,,,,,,,,,,,,,,,,,,residential,,,,,,,,,,,,,,,,,,,,,,,,,,,,,,,,,,,
highway,highway landuse building,residential,no,,,,,San Pablo,,,,,,,,,,,,,,,,,,,,,,,,,,,,,,,,,,,,,,,,,residential,,,,,,,,,,,,,,,,,,,,,,,,,,,,,,,,,,,
highway,highway landuse building,residential,no,,,,,,,,,,,,,,,,,,,,,,,,,,,,,,,,,,,,,,,,,,,,,,residential,,,,,,,,,,,,,,,,,,,,yes,,,,,,,,,,,,,,,
highway,highway landuse building,residential,no,,,,,Retiro,,,,,,,,,,,,,,,,,,,,,,,,,,,,,,,,,,,,asphalt,,,,,residential,,,,,,,,,,,,,,,,,,50.0,2.0,yes,,,,,,,,,,,,,,,
highway,highway landuse building,residential,no,,,,,Cruz del Padre,,,,,,,,,,,,,,,,,,,,,,,,,,,,,,,,,,,,unpaved,,,,,residential,,,,,,,,,,,,,,,,,,,1.0,,,,,,alley,,,,,,,,,,
highway,highway landuse building,residential,no,,,,,General E NÃºÃ±ez,,,,,knowledge,,,,,,,,,,,,,,,,,,,,,,,,,,,,,,,,,,,,residential,,,,,,,,,,,,,,,,,,,,,,,,,,,,,,,,,,,
highway,highway landuse building,residential,no,,,,,Herrera,,,,,,,,,,,,,,,,,,,,,,,,,,,,,,,,,,,,,,,,,residential,,,,,,,,,,,,,,,,,,,,,,,,,,,,,,,,,,,
highway,highway landuse building,residential,no,,,,,San RamÃ³n,,,,,,,,,,,,,,,,,,,,,,,,,,,,,,,,,,,,,,,,,residential,,,,,,,,,,,,,,,,,,,,,,,,,,,,,,,,,,,
highway,highway landuse building,residential,no,,,,,Rastro,,,,,,,,,,,,,,,,,,,,,,,,,,,,,,,,,,,,asphalt,,,,,residential,,,,,,,,,,,,,,,,,,,,,,,,,,,,,,,,,,,
highway,highway landuse building,residential,no,,,,,Pedroso,,,,,yahoo imagery,,,,,,,,,,,,,,,,,,,,,,,,,,,,,,,asphalt,,,,,residential,,,,,,,,,,,,,,,,,,,,yes,,,,,,,,,,,,,,,
highway,highway landuse building,residential,no,,,,,Santovenia,,,,,,,,,,,,,,,,,,,,,,,,,,,,,,,,,,,,,,,,,residential,,,,,,,,,,,,,,,,,,,,,,,,,,,,,,,,,,,
highway,highway landuse building,residential,no,,,,,Calle Corta,,,,,,,,,,,,,,,,,,,,,,,,,,,,,,,,,,,,,,,,,residential,,,,,,,,,,,,,,,,,,,,,,,,,,,,,,,,,,,
highway,highway landuse building,residential,no,,,,,Territorial,,,,,yahoo_images,,,,,,,,,,,,,,,,,,,,,,,,,,,,,private,,,,,,,residential,,,,,,,,,,,,,,,,,,40.0,,no,,,,,,,,,,,,,,,
highway,highway landuse building,residential,no,,,,,Zequeira,,,,,yahoo imagery,,,,,,,,,,,,,,,,,,,,,,,,,,,,,,,asphalt,,,,,residential,,,,,,,,,,,,,,,,,,,,,,,,,,,,,,,,,,,
highway,highway landuse building,residential,no,,,,,Universidad,,,,,yahoo imagery,,,,,,,,,,,,,,,,,,,,,,,,,,,,,,,asphalt,,,,,residential,,,,,,,,,,,,,,,,,,,,yes,,,,,,,,,,,,,,,
highway,highway landuse building,residential,no,,,,,Universidad,,,,,yahoo imagery,,,,,,,,,,,,,,,,,,,,,,,,,,,,,,,asphalt,,,,,residential,,,,,,,,,,,,,,,,,,,,yes,,,,,,,,,,,,,,,
highway,highway landuse building,residential,no,,,,,Calle Ensenada,,,,,,,,,,,,,,,,,,,,,,,,,,,,,,,,,,,,asphalt,,,,,residential,,,,,,,,,,,,,,,,,,,,,,,,,,,,,,,,,,,
highway,highway landuse building,residential,no,,,,,Castillo,,,,,yahoo imagery,,,,,,,,,,,,,,,,,,,,,,,,,,,,,,,,,,,,residential,,,,,,,,,,,,,,,,,,,,yes,,,,,,,,,,,,,,,
highway,highway landuse building,residential,no,,,,,DomÃ­nguez,,,,,Yahoo,,,,,,,,,,,,,,,,,,,,,,,,,,,,,,,,,,,,residential,,,,,,,,,,,,,,,,,,,,yes,,,,,,,,,,,,,,,
highway,highway landuse building,residential,no,,,,,Concha,,,,,,,,,,,,,,,,,,,,,,,,,,,,,,,,,,,,,,,,,residential,,,,,,,,,,,,,,,,,,,,yes,,,,,,,,,,,,,,,
highway,highway landuse building,residential,no,,,,,Fernandina,,,,,yahoo imagery,,,,,,,,,,,,,,,,,,,,,,,,,,,,,,,,,,,,residential,,,,,,,,,,,,,,,,,,,,,,,,yes,,,,,,,,,,,
highway,highway landuse building,residential,no,,,,,General E NÃºÃ±ez,,,,,,,,,,,,,,,,,,,,,,,,,,,,,,,,,,,,asphalt,,,,,residential,,,,,,,,,,,,,,,,,,,,,,,,,,,,,,,,,,,
highway,highway landuse building,residential,no,,,,,San JoaquÃ­n,,,,,,,,,,,,,,,,,,,,,,,,,,,,,,,,,,,,asphalt,,,,,residential,,,,,,,,,,,,,,,,,,50.0,2.0,yes,,,,,,,,,,,,,,,
highway,highway landuse building,residential,no,,,,,DomÃ­nguez,,,,,Yahoo,,,,,,,,,,,,,,,,,,,,,,,,,,,,,,,,,,,,residential,,,,,,,,,,,,,,,,,,,,yes,,none,,,,,,,,,,,,,
highway,highway landuse building,residential,no,,,,,VelÃ¡zquez,,,,,yahoo imagery,,,,,,,,,,,,,,,,,,,,,,,,,,,,,,,asphalt,,,,,residential,,,,,,,,,,,,,,,,,,,,yes,,both,,,,,,,,,,,,,
highway,highway landuse building,residential,no,,,,,VelÃ¡zquez,,,,,yahoo imagery,,,,,,,,,,,,,,,,,,,,,,,,,,,,,,,asphalt,,,,,residential,,,,,,,,,,,,,,,,,,,,yes,,both,,,,,,,,,,,,,
highway,highway landuse building,residential,no,,,,,,,,,,,,,,,,,,,,,,,,,,,,,,,,,,,,,,,,,,,,,,residential,,,,,,,,,,,,,,,,,,,,,,,,,,,,,,,,,,,
highway,highway landuse building,residential,no,,,,,Pedroso,,,,,yahoo imagery,,,,,,,,,,,,,,,,,,,,,,,,,,,,,,,asphalt,,,,,residential,,,,,,,,,,,,,,,,,,,,,,,,,,,,,,,,,,,
highway,highway landuse building,residential,no,,,,,Zequeira,,,,,yahoo imagery,,,,,,,,,,,,,,,,,,,,,,,,,,,,,,,asphalt,,,,,residential,,,,,,,,,,,,,,,,,,,,yes,,both,,,,,,,,,,,,,
highway,highway landuse building,residential,no,,,,,Hospital La Dependiente,,,,,Yahoo,,,,,,,,,,,,,,,,,,,,,,,,,,,,,private,,asphalt,,,,,residential,,,,,,,,,,,,,,,,,,40.0,4.0,,,,,,,,,,,,,,,,
highway,highway landuse building,residential,no,,,,,Hospital La Dependiente,,,,,Yahoo,,,,,,,,,,,,,,,,,,,,,,,,,,,,,,,asphalt,,,,,residential,,,,,,,,,,,,,,,,,,40.0,4.0,,,,,,,,,,,,,,,,
highway,highway landuse building,residential,no,,,,,Hospital La Dependiente,,,,,Yahoo,,,,,,,,,,,,,,,,,,,,,,,,,,,,,,,asphalt,,,,,residential,,,,,,,,,,,,,,,,,,40.0,4.0,,,,,,,building_passage,,,,,,,,,
highway,highway crossing,traffic_signals,no,,,,,,,,,,,,,,,,,,,,,,,,,,,,,,,,,,,,,,,,,,,,,,traffic_signals,,,,,,,,,,,,,,,,,,,,,,,,,,,,,,,,,,,
highway,highway crossing,traffic_signals,no,,,,,,,,,,,,,,,,,,,,,,,,,,,,,,,,,,,,,,,,,,,,,,traffic_signals,,,,,,,,,,,,,,,,,,,,,,,,,,,,,,,,,,,
highway,highway crossing,traffic_signals,no,,,,,,,,,,,,,,,,,,,,,,,,,,,,,,,,,,,,,,,,,,,,,,traffic_signals,,,,,,,,,,,,,,,,,,,,,,,,,,,,,,,,,,,
highway,highway crossing,traffic_signals,no,,,,,,,,,,,,,,,,,,,,,,,,,,,,,,,,,,,,,,,,,,,,,,traffic_signals,,,,,,,,,,,,,,,,,,,,,,,,,,,,,,,,,,,
highway,highway crossing,traffic_signals,no,,,,,,,,,,,,,,,,,,,,,,,,,,,,,,,,,,,,,,,,,,,,,,traffic_signals,,,,,,,,,,,,,,,,,,,,,,,,,,,,,,,,,,,
highway,highway crossing,traffic_signals,no,,,,,,,,,,,,,,,,,,,,,,,,,,,,,,,,,,,,,,,,,,,,,,traffic_signals,,,,,,,,,,,,,,,,,,,,,,,,,,,,,,,,,,,
highway,highway crossing,traffic_signals,no,,,,,,,,,,,,,,,,,,,,,,,,,,,,,,,,,,,,,,,,,,,,,,traffic_signals,,,,,,,,,,,,,,,,,,,,,,,,,,,,,,,,,,,
highway,highway crossing,traffic_signals,no,,,,,,,,,,,,,,,,,,,,,,,,,,,,,,,,,,,,,,,,,,,,,,traffic_signals,,,,,,,,,,,,,,,,,,,,,,,,,,,,,,,,,,,
highway,highway crossing,traffic_signals,no,,,,,,,,,,,,,,,,,,,,,,,,,,,,,,,,,,,,,,,,,,,,,,traffic_signals,,,,,,,,,,,,,,,,,,,,,,,,,,,,,,,,,,,
highway,highway crossing,traffic_signals,no,,,,,,,,,,,,,,,,,,,,,,,,,,,,,,,,,,,,,,,,,,,,,,traffic_signals,,,,,,,,,,,,,,,,,,,,,,,,,,,,,,,,,,,
highway,highway footway,crossing,no,,,,,,,,,,,,,,,,,,,,,,,,,,,,,,,,,,,,,,,,,,,,,,crossing,,,,,,,,,,,,,,,,,,,,,,,,,,,marked,yes,,,,,,,
highway,highway footway,crossing,no,,,,,,,,,,,,,,,,,,,,,,,,,,,,,,,,,,,,,,,,,,,,,,crossing,,,,,,,,,,,,,,,,,,,,,,,,,,,traffic_signals,,,,,,,,
highway,highway footway,crossing,no,,,,,,,,,,Mapillary Street Objects,,,,,,,,,,,,,,,,,,,,,,,,,,,,,,,,,,,,crossing,,,,,,,,,,,,,,,,,,,,,,,,,,,traffic_signals,,hYFp8S5GB0quysbo1BQSMw,08/03/2018,,,,,
highway,highway footway,crossing,no,,,,,,,,,,,,,,,,,,,,,,,,,,,,,,,,,,,,,,,,,,,,,,crossing,,,,,,,,,,,,,,,,,,,,,,,,,,,,,,,,,,,
highway,highway footway,crossing,no,,,,,,,,,,,,,,,,,,,,,,,,,,,,,,,,,,,,,,,,,,,,,,crossing,,,,,,,,,,,,,,,,,,,,,,,,,,,,,,,,,,,
highway,highway footway,crossing,no,,,,,,,,,,,,,,,,,,,,,,,,,,,,,,,,,,,,,,,,,,,,,,crossing,,,,,,,,,,,,,,,,,,,,,,,,,,,traffic_signals,,,,,,,,
highway,highway footway,crossing,no,,,,,,,,,,,,,,,,,,,,,,,,,,,,,,,,,,,,,,,,,,,,,,crossing,,,,,,,,,,,,,,,,,,,,,,,,,,,unmarked,no,,,,,,,
highway,highway footway,crossing,no,,,,,,,,,,,,,,,,,,,,,,,,,,,,,,,,,,,,,,,,,,,,,,crossing,,,,,,,,,,,,,,,,,,,,,,,,,,,traffic_signals,,,,no,no,no,,
highway,highway footway,crossing,no,,,,,,,,,,,,,,,,,,,,,,,,,,,,,,,,,,,,,,,,,,,,,,crossing,,,,,,,,,,,,,,,,,,,,,,,,,,,traffic_signals,,,,no,no,no,,
highway,highway footway,crossing,no,,,,,,,,,,,,,,,,,,,,,,,,,,,,,,,,,,,,,,,,,,,,,,crossing,,,,,,,,,,,,,,,,,,,,,,,,,,,traffic_signals,,,,no,no,no,,
highway,highway footway,crossing,no,,,,,,,,,,,,,,,,,,,,,,,,,,,,,,,,,,,,,,,,,,,,,,crossing,,,,,,,,,,,,,,,,,,,,,,,,,,,traffic_signals,,,,no,no,no,,
highway,highway footway,crossing,no,,,,,,,,,,,,,,,,,,,,,,,,,,,,,,,,,,,,,,,,,,,,,,crossing,,,,,,,,,,,,,,,,,,,,,,,,,,,traffic_signals,,,,no,no,no,,
highway,highway footway,crossing,no,,,,,,,,,,,,,,,,,,,,,,,,,,,,,,,,,,,,,,,,,,,,,,crossing,,,,,,,,,,,,,,,,,,,,,,,,,,,traffic_signals,,,,,,,,
highway,highway footway,crossing,no,,,,,,,,,,,,,,,,,,,,,,,,,,,,,,,,,,,,,,,,,,,,,,crossing,,,,,,,,,,,,,,,,,,,,,,,,,,,traffic_signals,,,,,,,,
highway,highway footway,crossing,no,,,,,,,,,,,,,,,,,,,,,,,,,,,,,,,,,,,,,,,,,,,,,,crossing,,,,,,,,,,,,,,,,,,,,,,,,,,,traffic_signals,,,,,,,,
highway,highway footway,crossing,no,,,,,,,,,,,,,,,,,,,,,,,,,,,,,,,,,,,,,,,,,,,,,,crossing,,,,,,,,,,,,,,,,,,,,,,,,,,,traffic_signals,,,,,,,,
highway,highway footway,crossing,no,,,,,,,,,,,,,,,,,,,,,,,,,,,,,,,,,,,,,,,,,,,,,,crossing,,,,,,,,,,,,,,,,,,,,,,,,,,,traffic_signals,,,,,,,,
highway,highway footway,crossing,no,,,,,,,,,,,,,,,,,,,,,,,,,,,,,,,,,,,,,,,,,,,,,,crossing,,,,,,,,,,,,,,,,,,,,,,,,,,,traffic_signals,,,,,,,,
highway,highway footway,crossing,no,,,,,,,,,,,,,,,,,,,,,,,,,,,,,,,,,,,,,,,,,,,,,,crossing,,,,,,,,,,,,,,,,,,,,,,,,,,,traffic_signals,,,,no,no,no,,
highway,highway footway,crossing,no,,,,,,,,,,,,,,,,,,,,,,,,,,,,,,,,,,,,,,,,,,,,,,crossing,,,,,,,,,,,,,,,,,,,,,,,,,,,traffic_signals,,,,,,,,
highway,highway footway,crossing,no,,,,,,,,,,,,,,,,,,,,,,,,,,,,,,,,,,,,,,,,,,,,,,crossing,,,,,,,,,,,,,,,,,,,,,,,,,,,traffic_signals,,,,,,,,
highway,highway footway,crossing,no,,,,,,,,,,,,,,,,,,,,,,,,,,,,,,,,,,,,,,,,,,,,,,crossing,,,,,,,,,,,,,,,,,,,,,,,,,,,zebra,,,,,,,,
highway,highway footway,crossing,no,,,,,,,,,,,,,,,,,,,,,,,,,,,,,,,,,,,,,,,,,,,,,,crossing,,,,,,,,,,,,,,,,,,,,,,,,,,,,,,,,,,,
highway,highway footway,crossing,no,,,,,,,,,,,,,,,,,,,,,,,,,,,,,,,,,,,,,,,,,,,,,,crossing,,,,,,,,,,,,,,,,,,,,,,,,,,,traffic_signals,,,,,,,,
highway,highway footway,crossing,no,,,,,,,,,,,,,,,,,,,,,,,,,,,,,,,,,,,,,,,,,,,,,,crossing,,,,,,,,,,,,,,,,,,,,,,,,,,,,,,,,,,,
highway,highway footway,crossing,no,,,,,,,,,,,,,,,,,,,,,,,,,,,,,,,,,,,,,,,,,,,,,,crossing,,,,,,,,,,,,,,,,,,,,,,,,,,,,,,,,,,,
highway,highway footway,crossing,no,,,,,,,,,,,,,,,,,,,,,,,,,,,,,,,,,,,,,,,,,,,,,,crossing,,,,,,,,,,,,,,,,,,,,,,,,,,,,,,,,,,,
highway,highway footway,crossing,no,,,,,,,,,,,,,,,,,,,,,,,,,,,,,,,,,,,,,,,,,,,,,,crossing,,,,,,,,,,,,,,,,,,,,,,,,,,,,,,,,,,,
highway,highway footway,crossing,no,,,,,,,,,,,,,,,,,,,,,,,,,,,,,,,,,,,,,,,,,,,,,,crossing,,,,,,,,,,,,,,,,,,,,,,,,,,,traffic_signals,,,,,,,,
highway,highway footway,crossing,no,,,,,,,,,,,,,,,,,,,,,,,,,,,,,,,,,,,,,,,,,,,,,,crossing,,,,,,,,,,,,,,,,,,,,,,,,,,,traffic_signals,,,,,,,,
highway,highway footway,crossing,no,,,,,,,,,,,,,,,,,,,,,,,,,,,,,,,,,,,,,,,,,,,,,,crossing,,,,,,,,,,,,,,,,,,,,,,,,,,,traffic_signals,,,,,,,,
highway,highway footway,crossing,no,,,,,,,,,,,,,,,,,,,,,,,,,,,,,,,,,,,,,,,,,,,,,,crossing,,,,,,,,,,,,,,,,,,,,,,,,,,,traffic_signals,,,,,,,,
highway,highway footway,crossing,no,,,,,,,,,,,,,,,,,,,,,,,,,,,,,,,,,,,,,,,,,,,,,,crossing,,,,,,,,,,,,,,,,,,,,,,,,,,,traffic_signals,,,,,,,,
highway,highway footway,crossing,no,,,,,,,,,,,,,,,,,,,,,,,,,,,,,,,,,,,,,,,,,,,,,,crossing,,,,,,,,,,,,,,,,,,,,,,,,,,,,,,,,,,,
highway,highway landuse,residential,no,,,,,Sol,,,,,,,,,,,,,,,,,,,,,,,,,,,,,,,,,,,,paving_stones,,,,,residential,,,,,,,,,,,,,,,,,,30.0,,yes,,,,,,,,,,,,,,,
highway,highway landuse,residential,no,,,,,San Juan de Dios,,,,,,,,,,,,,,,,,,,,,,,,,,,,,,,,,,,,asphalt,,,,,residential,,,,,,,,,,,,,,,,,,40.0,2.0,yes,,,,,,,,,,,,,,,
highway,highway landuse,residential,no,,,,,O'Reilly,,,,,,,,,,,,,,,,,,,,,,,,,,,,,,,,,,,,asphalt,,,,,residential,,,,,,,,,,,,,,,,,,,,yes,,,,yes,,,,,,,,,,,
highway,highway landuse,residential,no,,,,,Lamparilla,,,,,,,,,,,,,,,,,,,,,,,,,,,,,,,,,,,,paving_stones,,,,,residential,,,,,,,,,,,,,,,,,,,,yes,,,,,,,,,,,,,,,
highway,highway landuse,residential,no,,,,,Villegas,,,,,,,,,,,,,,,,,,,,,,,,,,,,,,,,,,,,,,,,,residential,,,,,,,,,,,,,,,,,,,,yes,,,,,,,,,,,,,,,
highway,highway landuse,residential,no,,,,,Muralla,,,,,,,,,,,,,,,,,,,,,,,,,,,,,,,,,,,,asphalt,,,,,residential,,,,,,,,,,,,,,,,,,30.0,,yes,,,,,,,,,,,,,,,
highway,highway landuse,residential,no,,,,,Santa Clara,,,,,,,,,,,,,,,,,,,,,,,,,,,,,,,,,,,,asphalt,,,,,residential,,,,,,,,,,,,,,,,,,,,yes,,,,,,,,,,,,,,,
highway,highway landuse,residential,no,,,,,Luz,,,,,,,,,,,,,,,,,,,,,,,,,,,,,,,,,,,,asphalt,,,,,residential,,,,,,,,,,,,,,,,,,30.0,,yes,,,,,,,,,,,,,,,
highway,highway landuse,residential,no,,,,,Habana,,,,,,,,,,,,,,,,,,,,,,,,,,,,,,,,,,,,asphalt,,,,,residential,,,,,,,,,,,,,,,,,,50.0,,yes,,,,,,,,,,,,,,,
highway,highway landuse,residential,no,,,,,Cuba,,,,,,,,,,,,,,,,,,,,,,,,,,,,,,,,,,,,asphalt,,,,,residential,,,,,,,,,,,,,,,,,,,,yes,,,,,,,,,,,,,,,
highway,highway landuse,residential,no,,,,,San Ignacio,,,,,,,,,,,,,,,,,,,,,,,,,,,,,,,,,,,,asphalt,,,,,residential,,,,,,,,,,,,,,,,,,,,yes,,,,,,,,,,,,,,,
highway,highway landuse,residential,no,,,,,Aguacate,,,,,,,,,,,,,,,,,,,,,,,,,,,,,,,,,,,,asphalt,,,,,residential,,,,,,,,,,,,,,,,,,,,yes,,,,,,,,,,,,,,,
highway,highway landuse,residential,no,,,,,Villegas,,,,,,,,,,,,,,,,,,,,,,,,,,,,,,,,,,,,asphalt,,,,,residential,,,,,,,,,,,,,,,,,,,,yes,,,,,,,,,,,,,,,
highway,highway landuse,residential,no,,,,,Bernaza,,,,,,,,,,,,,,,,,,,,,,,,,,,,,,,,,,,,asphalt,,,,,residential,,,,,,,,,,,,,,,,,,,,yes,,,,,,,,,,,,,,,
highway,highway landuse,residential,no,,,,,Villegas,,,,,,,,,,,,,,,,,,,,,,,,,,,,,,,,,,,,,,,,,residential,,,,,,,,,,,,,,,,,,,,yes,,,,,,,,,,,,,,,
highway,highway landuse,residential,no,,,,,Cristo,,,,,,,,,,,,,,,,,,,,,,,,,,,,,,,,,,,,asphalt,,,,,residential,,,,,,,,,,,,,,,,,,,,yes,,,,,,,,,,,,,,,
highway,highway landuse,residential,no,,,,,Compostela,,,,,,,,,,,,,,,,,,,,,,,,,,,,,,,,,,,,asphalt,,,,,residential,,,,,,,,,,,,,,,,,,,,yes,,,,,,,,,,,,,,,
highway,highway landuse,residential,no,,,,,Habana,,,,,,,,,,,,,,,,,,,,,,,,,,,,,,,,,,,,asphalt,,,,,residential,,,,,,,,,,,,,,,,,,,,yes,,,,,,,,,,,,,,,
highway,highway landuse,residential,no,,,,,Damas,,,,,,,,,,,,,,,,,,,,,,,,,,,,,,,,,,,,asphalt,,,,,residential,,,,,,,,,,,,,,,,,,,,yes,,,,,,,,,,,,,,,
highway,highway landuse,residential,no,,,,,Compostela,,,,,,,,,,,,,,,,,,,,,,,,,,,,,,,,,,,,,,,,,residential,,,,,,,,,,,,,,,,,,,,yes,,,,,,,,,,,,,,,
highway,highway landuse,residential,no,,,,,Calle Baratillo,,,,,,,,,,,,,,,,,,,,,,,,,,,,,,,,,,,,,,,,,residential,,,,,,,,,,,,,,,,,,,,,,,,,,,,,,,,,,permissive,
highway,highway landuse,residential,no,,,,,Amargura,,,,,,,,,,,,,,,,,,,,,,,,,,,,,,,,,,,,asphalt,,,,,residential,,,,,,,,,,,,,,,,,,,,yes,,,,,,,,,,,,,,,
highway,highway landuse,residential,no,,,,,ObrapÃ­a,,,,,,,,,,,,,,,,,,,,,,,,,,,,,,,,,,,,asphalt,,,,,residential,,,,,,,,,,,,,,,,,,,,yes,,,,,,,,,,,,,,,
highway,highway landuse,residential,no,,,,,Inquisidor,,,,,,,,,,,,,,,,,,,,,,,,,,,,,,,,,,,,asphalt,,,,,residential,,,,,,,,,,,,,,,,,,,,yes,,,,,,,,,,,,,,,
highway,highway landuse,residential,no,,,,,Empedrado,,,,,,,,,,,,,,,,,,,,,,,,,,,,,,,,,,,,asphalt,,,,,residential,,,,,,,,,,,,,,,,,,,,yes,,,,,,,,,,,,,,,
highway,highway landuse,residential,no,,,,,Villegas,,,,,,,,,,,,,,,,,,,,,,,,,,,,,,,,,,,,,,,,,residential,,,,,,,,,,,,,,,,,,,,yes,,,,,,,,,,,,,,,
highway,highway landuse,residential,no,,,,,Porvenir,,,,,,,,,,,,,,,,,,,,,,,,,,,,,,,,,,,,,,,,,residential,,,,,,,,,,,,,,,,,,,,,,,,,,,,,,,,,,,
highway,highway landuse,residential,no,,,,,Calle Lamparilla,,,,,,,,,,,,,,,,,,,,,,,,,,,,,,,,,,,,asphalt,,,,,residential,,,,,,,,,,,,,,,,,,,,yes,,,,,,,,,,,,,,,
highway,highway landuse,residential,no,,,,,Lamparilla,,,,,,,,,,,,,,,,,,,,,,,,,,,,,,,,,,,,,,,,,residential,,,,,,,,,,,,,,,,,,,,yes,,,,,,,,,,,,,,,
highway,highway landuse,residential,no,,,,,Virtudes,,,,,,,,,,,,,,,,,,,,,,,,,,,,,,,,,,,,,,,,,residential,,,,,,,,,,,,,,,,,,,,,,,,,,,,,,,,,,,
highway,highway landuse,residential,no,,,,,Neptuno,,,,,,,,,,,,,,,,,,,,,,,,,,,,,,,,,,,,,,,,,residential,,,,,,,,,,,,,,,,,,,,yes,,,,,,,,,,,,,,,
highway,highway landuse,residential,no,,,,,San JosÃ©,,,,,,,,,,,,,,,,,,,,,,,,,,,,,,,,,,,,,,,,,residential,,,,,,,,,,,,,,,,,,,,yes,,right,,,,,,,,,,,,,
highway,highway landuse,residential,no,,,,,Ãnimas,,,,,,,,,,,,,,,,,,,,,,,,,,,,,,,,,,,,asphalt,,,,,residential,,,,,,,,,,,,,,,,,,,,yes,,,,,,,,,,,,,,,
highway,highway landuse,residential,no,,,,,Aguiar,,,,,,,,,,,,,,,,,,,,,,,,,,,,,,,,,,,,asphalt,,,,,residential,,,,,,,,,,,,,,,,,,,,yes,,,,,,,,,,,,,,,1.0
highway,highway landuse,residential,no,,,,,,,,,,,,,,,,,,,,,,,,,,,,,,,,,,,,,,,,,,,,,,residential,,,,,,,,,,,,,,,,,,,,yes,,,,,,,,,,,,,,,
highway,highway landuse,residential,no,,,,,Brasil (Teniente Rey),,,,,,,,,,,,,,,,,,,,,,,,,,,,,,,,,,,,asphalt,,,,,residential,,,,,,,,,,,,,,,,,,50.0,2.0,yes,,,,,,,,,,,,,,,
highway,highway landuse,residential,no,,,,,Brasil (Teniente Rey),,,,,,,,,,,,,,,,,,,,,,,,,,,,,,,,,,,,cobblestone,,,,,residential,,,,,,,,,,,,,,,,,,,,yes,,,,,,,,,,,,,,,
highway,highway landuse,residential,no,,,,,Oficios,,,,,,,,,,,,,,,,,,,,,,,,,,,,,,,,,,,,cobblestone,,,,,residential,,,,,,,,,,,,,,,,,,50.0,,yes,,,,yes,,,,,,,,,,destination,
highway,highway landuse,residential,no,,,,,Luz,,,,,,,,,,,,,,,,,,,,,,,,,,,,,,,,,,,,asphalt,,,,,residential,,,,,,,,,,,,,,,,,,30.0,,yes,,,,,,,,,,,,,,,
highway,highway landuse,residential,no,,,,,Cuba,,,,,,,,,,,,,,,,,,,,,,,,,,,,,,,,,,,,paving_stones,,,,,residential,,,,,,,,,,,,,,,,,,,,yes,,,,,,,,,,,,,,,
highway,highway landuse,residential,no,,,,,Amargura,,,,,,,,,,,,,,,,,,,,,,,,,,,,,,,,,,,,asphalt,,,,,residential,,,,,,,,,,,,,,,,,,,,,,,,,,,,,,,,,,,
highway,highway landuse,residential,no,,,,,Obispo,,,,,,,,,,,,,,,,,,,,,,,,,,,,,,,,,,,,cobblestone,,,,,residential,,,,,,,,,,,,,,,,,,,,yes,yes,,,yes,,,,,,,,,,delivery,
highway,highway landuse,residential,no,,,,,Brasil (Teniente Rey),,,,,,,,,,,,,,,,,,,,,,,,,,,,,,,,,,,,asphalt,,,,,residential,,,,,,,,,,,,,,,,,,,,,,,,,,,,,,,,,,,
highway,highway landuse,residential,no,,,,,Lamparilla,,,,,,,,,,,,,,,,,,,,,,,,,,,,,,,,,,,,paving_stones,,,,,residential,,,,,,,,,,,,,,,,,,,,no,,,,,,,,,,,,,,,
highway,highway landuse,residential,no,,,,,Brasil (Teniente Rey),,,,,,,,,,,,,,,,,,,,,,,,,,,,,,,,,,,,asphalt,,,,,residential,,,,,,,,,,,,,,,,,,50.0,2.0,yes,,,,,,,,,,,,,,,
highway,highway landuse,residential,no,,,,,ObrapÃ­a,,,,,,,,,,,,,,,,,,,,,,,,,,,,,,,,,,,,asphalt,,,,,residential,,,,,,,,,,,,,,,,,,,,,,,,,,,,,,,,,,,
highway,highway landuse,residential,no,,,,,Inquisidor,,,,,,,,,,,,,,,,,,,,,,,,,,,,,,,,,,,,asphalt,,,,,residential,,,,,,,,,,,,,,,,,,,,,,,,,,,,,,,,,,,
highway,highway landuse,residential,no,,,,,Bernaza,,,,,,,,,,,,,,,,,,,,,,,,,,,,,,,,,,,,asphalt,,,,,residential,,,,,,,,,,,,,,,,,,,,yes,,,,,,,,,,,,,,delivery,
highway,highway landuse,residential,no,,,,,Bernaza,,,,,,,,,,,,,,,,,,,,,,,,,,,,,,,,,,,,cobblestone,,,,,residential,,,,,,,,,,,,,,,,,,,,yes,yes,,,yes,,,,,,,,,,delivery,
highway,highway landuse,residential,no,,,,,Brasil (Teniente Rey),,,,,,,,,,,,,,,,,,,,,,,,,,,,,,,,,,,,cobblestone,,,,,residential,,,,,,,,,,,,,,,,,,,,yes,,,,,,,,,,,,,,,
